LITO,FE,SIO2
ESTÉRIL,49.811122062788215,4.187125518604388
MINERAL,29.27525890937201,10.15955856556769
ALTO_TEOR,34.17233163138012,10.795486407177256
ESTÉRIL,71.55967611475378,11.335560565378659
MINERAL,67.89664529370629,11.821392145442395
MINERAL,59.56038087125617,7.1613800110311825
MINERAL,44.25539065532003,8.31792204188486
MINERAL,65.92518801008012,11.91849648398082
ALTO_TEOR,68.41372603977808,8.338881333388587
ALTO_TEOR,33.94500948610445,2.983093811209655
ALTO_TEOR,57.15110515322752,6.592239591974538
ALTO_TEOR,57.39038356989363,7.596601515242721
ALTO_TEOR,63.04831259519263,0.6403278691249159
ALTO_TEOR,46.138349202031904,3.3357288136767753
MINERAL,50.92565368643832,10.670831863991026
ALTO_TEOR,60.4673553940887,2.978001961468969
MINERAL,73.74246215193395,5.030263446447478
ESTÉRIL,28.744404566950777,3.385093850577123
ESTÉRIL,67.49906076518565,2.5442555489390695
ALTO_TEOR,34.869481615381055,11.618037108321916
MINERAL,74.19129748777658,10.384474119792895
MINERAL,67.21600583665067,8.630853480238162
ALTO_TEOR,36.70908203958389,8.144241256095452
MINERAL,25.810306345984944,10.521260646923155
ESTÉRIL,61.150379727122825,5.97337862385761
ALTO_TEOR,40.64137737807923,8.16810541437182
MINERAL,30.92988216569385,3.670883842370311
ALTO_TEOR,44.94687810858294,4.1012906382450725
ALTO_TEOR,27.847628147490543,7.14891378241908
ALTO_TEOR,25.021233680366638,2.193188893515795
ESTÉRIL,60.82071467869074,11.734180707005052
ALTO_TEOR,64.30377651873422,11.940487526599886
ALTO_TEOR,73.77451733842217,11.771050652844165
ESTÉRIL,64.04283739099253,5.51392011965352
ESTÉRIL,52.726510698762524,1.7968650177331813
MINERAL,47.284784273722,1.1893873843916483
ESTÉRIL,39.16987984236016,4.566771061401969
MINERAL,61.46674787435104,8.882650026692993
ALTO_TEOR,74.24967766329277,3.5167517078479356
ESTÉRIL,33.84739434607364,5.553633380540627
ALTO_TEOR,55.332341126492466,3.061818933857185
ESTÉRIL,64.39884477996947,4.287652805351831
MINERAL,59.17673842453971,11.090633000848516
MINERAL,70.89165610569222,5.352423540461668
ESTÉRIL,57.126640265132764,10.850820656136378
ALTO_TEOR,68.662617641391,8.92325363337294
ALTO_TEOR,51.33521776015507,8.78859768990467
ALTO_TEOR,50.40535559650044,2.1871842410629245
ALTO_TEOR,70.1084636389379,5.704119364240305
MINERAL,32.333010965877875,3.949643909256615
ESTÉRIL,53.3352149786207,11.09485518554252
ESTÉRIL,63.87350368319324,8.554773498877198
MINERAL,25.83453645821228,10.554698795469166
ALTO_TEOR,41.7235804133815,11.87424885631551
MINERAL,25.803312600648255,3.2578407701190075
ESTÉRIL,31.12764211192213,4.338742413476451
ESTÉRIL,35.27746754481163,5.677113411885934
ALTO_TEOR,73.41695716421175,9.579228340706024
MINERAL,60.172759621582045,2.544754548689207
ALTO_TEOR,64.63219968102237,3.6815580568741706
ESTÉRIL,71.80761355370592,10.57335746390519
MINERAL,71.53995646671146,3.841150768269437
ALTO_TEOR,62.09171355794221,11.13838357519321
MINERAL,44.544128830995206,6.307148157378699
ESTÉRIL,26.78737498283582,8.404850545900512
MINERAL,65.81926869497332,0.8603819141145053
ESTÉRIL,69.70421419998306,4.091592859360378
ALTO_TEOR,48.6953513261856,3.541977940986724
ESTÉRIL,27.409866066318912,7.853431172385158
MINERAL,54.57121514561511,9.734837161518705
ALTO_TEOR,60.964735279307305,6.811495321072883
MINERAL,48.59045542724962,9.980104372236216
ESTÉRIL,52.63416184800551,9.03662876809297
ALTO_TEOR,31.52530496326873,4.535944819642248
MINERAL,64.03724879852228,11.37553092539388
ALTO_TEOR,58.58400056205371,11.829823105174354
ESTÉRIL,51.682746611752805,10.753432463059832
MINERAL,52.60172931713305,1.5570522120680579
MINERAL,37.588456971718585,3.661413390737808
MINERAL,58.748829476547215,2.205594088289203
MINERAL,63.07738347718085,3.5452516146488344
ESTÉRIL,42.77281168341704,11.380421934057987
MINERAL,64.79159953546514,1.0486834451743097
ALTO_TEOR,42.167542277663614,5.718877791192827
MINERAL,66.88944179705247,6.8249301828145175
MINERAL,58.34965585480292,0.9232643064451493
ALTO_TEOR,44.989744314253095,10.567940967763965
ESTÉRIL,57.1105097421707,5.3478491522749785
ALTO_TEOR,38.01396627129168,1.6904828613022567
ESTÉRIL,39.161606440361915,11.197421764022103
ESTÉRIL,63.616926489452055,0.9097268184036627
ALTO_TEOR,49.40232160600089,11.95568977037874
MINERAL,30.256276420955846,9.884910099241317
ESTÉRIL,68.41261773697222,5.725874403789476
MINERAL,61.12228168351063,5.151530198022173
ESTÉRIL,58.67449394979974,6.708421571900443
ALTO_TEOR,65.1478969069849,4.918755804902976
MINERAL,72.18292301265464,4.461828285074629
ESTÉRIL,55.88872674439725,11.942145278879746
ALTO_TEOR,33.106615343449015,11.760091548737849
MINERAL,68.38941602807196,7.303333463945073
MINERAL,57.6440314315124,9.506256979083846
ESTÉRIL,28.711618463368378,6.734347447124819
ALTO_TEOR,26.135464519896264,10.634250158519096
ESTÉRIL,58.78251711703882,4.707636139882429
ALTO_TEOR,57.647374963748945,5.571256144803949
ALTO_TEOR,70.67712546133242,3.936694500319329
MINERAL,66.26811093630275,10.92503345819405
ALTO_TEOR,34.35383763524168,6.408301004804764
MINERAL,35.227090644932446,3.3910393712073623
ALTO_TEOR,57.13289974139635,5.042094915788351
ALTO_TEOR,41.17866678461584,6.261189872117152
ESTÉRIL,69.83426371773373,7.016241566680538
ESTÉRIL,48.91369608135972,7.60794302466639
ALTO_TEOR,39.80250143382267,8.601077570490087
ESTÉRIL,29.660939280189176,7.6836672413581635
MINERAL,40.02998410369094,6.125195512358885
MINERAL,32.188221434075984,1.249239537245299
ESTÉRIL,40.652453091788665,7.948234004924877
MINERAL,71.30460273005299,7.7462658724607145
ALTO_TEOR,35.138417718655724,2.215737992190405
MINERAL,53.34952808872395,1.6106346205314765
MINERAL,31.597568250538355,3.2827941126393396
ALTO_TEOR,32.449878173952264,2.190135892912438
MINERAL,26.728012526843415,2.16383112224654
ESTÉRIL,54.54273632799895,5.05196880406924
ALTO_TEOR,53.27985923032048,8.591218028917936
ESTÉRIL,56.869969054349916,4.5508078652011825
ALTO_TEOR,72.46142317587731,9.35258086051137
ALTO_TEOR,65.25704353743711,3.1262770736510137
MINERAL,45.63745364519282,9.158522874506913
ALTO_TEOR,40.766064247909924,6.114036856604703
ESTÉRIL,63.304183132213616,5.517826714081294
ALTO_TEOR,31.20891910666796,9.856719815796158
ALTO_TEOR,45.13586385991286,4.550237863229024
ALTO_TEOR,40.3855875023671,3.64465198655815
ALTO_TEOR,29.518666519531667,6.288342402215371
ESTÉRIL,59.815165634069764,5.673360258523708
MINERAL,28.431521991236597,0.9138566552446468
ESTÉRIL,37.19177205348333,9.370877883255893
MINERAL,66.33683092442507,7.281355043762064
ALTO_TEOR,71.32244622879843,6.933115171479516
ESTÉRIL,39.71449221035822,6.424618223193117
MINERAL,66.94028542550885,7.259422965597761
ESTÉRIL,33.02570926214561,4.553634125647623
ESTÉRIL,40.568787122296854,3.4983932159085454
ALTO_TEOR,64.7505640953561,0.5768805707697601
MINERAL,62.47910584319792,3.445742679641247
MINERAL,60.477945137022175,10.436865965094198
MINERAL,53.16400950582257,1.0668143045011922
MINERAL,72.97749224727484,8.102609252911614
ESTÉRIL,45.77579993156243,1.0445742845750112
ESTÉRIL,73.0289727419302,7.148830621385528
ALTO_TEOR,53.078246190205846,3.841945669883912
ALTO_TEOR,68.39041468283564,10.36509607823665
ESTÉRIL,35.67409700899112,8.39801223746495
MINERAL,37.0407403129374,4.618839424193511
MINERAL,56.90262760763035,9.049850109858495
ESTÉRIL,55.87870345090302,1.1403112022079183
ESTÉRIL,58.0601474682376,4.4911909899821865
ALTO_TEOR,67.80974801435256,3.59907094245564
MINERAL,44.52755909753441,2.3157605005795885
ESTÉRIL,57.35017201726801,5.989597692198391
ALTO_TEOR,45.80727643822435,4.588125269027068
ESTÉRIL,54.336599352372545,5.3813607972346205
ALTO_TEOR,42.751163208579655,11.706562342311909
MINERAL,47.240340037327016,4.888730916365234
ALTO_TEOR,48.44750764911218,10.293465820669962
ESTÉRIL,49.02378039041674,3.7344615872776377
ESTÉRIL,39.5054402863493,5.885575373771399
ALTO_TEOR,48.55296436957373,1.0076945225084715
ALTO_TEOR,49.040469145161126,10.11576728460649
ESTÉRIL,58.83529361612255,11.473184319845643
ESTÉRIL,54.1772795404236,2.0965339434298773
MINERAL,51.28727073112495,8.74628298917277
ESTÉRIL,48.677264165455355,10.976439373214617
ALTO_TEOR,61.679869492889104,3.596703501143178
MINERAL,51.29411540548206,5.000580959026019
MINERAL,59.01883604613417,4.151638995082669
ESTÉRIL,48.80596478938422,8.557981309532206
MINERAL,51.16019211524986,9.477651260877762
ESTÉRIL,58.432965809410796,9.702658289522782
ALTO_TEOR,68.07814907384511,2.9070884710683247
ALTO_TEOR,71.0984768302863,2.034776697047706
ESTÉRIL,53.964164547447,7.536832998878012
ESTÉRIL,68.52217252724573,7.737751748702467
ESTÉRIL,46.167272409814544,4.873581625410177
ALTO_TEOR,27.589374171413596,8.520451399823697
ALTO_TEOR,32.03046343978405,1.8094186095410318
ALTO_TEOR,68.2578581462223,10.322467008230218
ALTO_TEOR,67.23395795179121,3.5980241418143635
ALTO_TEOR,39.21606709763127,7.8691296437858025
MINERAL,47.14435498720437,5.640740300431884
MINERAL,44.702829275631885,10.22382508308978
MINERAL,52.03782911516906,4.3098035935127506
ALTO_TEOR,42.13864380426443,11.155368437105436
ESTÉRIL,69.57128878295505,10.378737766314186
MINERAL,74.46661758280948,9.699830261946026
MINERAL,52.25426396881937,9.739806849501035
ESTÉRIL,62.42384323987299,2.267163415539493
