LITOLOGIA,RECURSO,TONELAGEM,VOLUME,Fe_pct,SiO2_pct,g1,g2
ESTÉRIL,MEDIDO,253.13141476116385,107.73311513234358,40.15458714137274,6.654308592758679,20,5
ESTÉRIL,MEDIDO,492.9692370802237,167.2777596483702,63.47213585890385,3.9688226412215992,0,5
ALTO_TEOR,INDICADO,406.11818665308147,50.50607919230591,46.06797215708774,6.9675873644108375,10,15
ALTO_TEOR,MEDIDO,335.2688325523276,128.94178133051037,43.92679465389245,1.3838650796813183,20,5
ESTÉRIL,INDICADO,332.57362063379384,155.99920783088973,51.92249357876517,4.334322828549903,0,5
ALTO_TEOR,INDICADO,288.9438938743146,124.8613230152057,60.21087919751832,9.464493820242641,0,5
ALTO_TEOR,MEDIDO,162.52436827523047,166.9501687434255,64.31808186054288,7.8256436834104335,0,0
ESTÉRIL,INFERIDO,180.61092557173885,107.67028164580668,63.173078860186166,7.857609587625731,20,15
ALTO_TEOR,INDICADO,459.939495151757,109.1895326163791,33.052957893620544,1.8173612460735633,10,0
ESTÉRIL,MEDIDO,279.15691856106525,99.25875545272189,67.10618795983726,6.148650010830517,20,0
ESTÉRIL,INFERIDO,161.34496757033003,128.6556955911987,48.17656292976151,1.0329489789702313,10,0
MINERAL,INDICADO,249.3379825798799,177.49192667126073,47.58608464123896,7.151616908202762,10,0
ESTÉRIL,MEDIDO,381.3626685236967,138.44291093177708,45.465414489936734,4.200223106908565,20,15
ESTÉRIL,INDICADO,465.4203419297656,130.54374801397933,33.57144524719514,4.165088354521513,20,0
MINERAL,MEDIDO,357.7006673444358,185.4596809067456,58.32442607957015,7.861056113493316,0,0
MINERAL,INFERIDO,153.43278145183353,112.66794727586216,68.89208356912064,8.72876096776873,10,0
MINERAL,INDICADO,180.04689869786196,182.69332013530587,68.81387153128432,9.337986400254108,0,15
MINERAL,INFERIDO,208.0106858498126,175.1092023385691,52.60955471933808,1.6896162106868062,20,5
ESTÉRIL,MEDIDO,473.9465131815702,114.37060520190018,39.13909080211814,4.61488515078293,0,5
ALTO_TEOR,INFERIDO,210.71790825494577,138.2575365941404,40.42826871478994,1.5569281014280039,0,5
ESTÉRIL,INDICADO,166.06935780312972,114.86037421863313,58.922510492067374,1.8821468529485403,0,5
MINERAL,INDICADO,118.57658938863489,186.1957047620353,31.32829571246465,9.688553011838291,20,15
MINERAL,MEDIDO,299.3206013458899,146.03285792605507,60.06585630286871,6.604033028220438,10,5
MINERAL,INFERIDO,421.29437802472756,112.51119613036849,61.188702660680335,2.2187271185093627,10,15
ESTÉRIL,INFERIDO,202.86954246393836,192.9225319524154,49.622518997544226,7.241470081141681,20,5
ALTO_TEOR,INFERIDO,159.52835879593647,191.5632521325776,54.56304312542197,2.8235703432025963,0,0
ESTÉRIL,MEDIDO,328.8321669589045,83.58657076263978,67.54993328587526,1.3807215076247723,0,5
MINERAL,MEDIDO,100.68235462091808,90.2161546036352,50.10634270057655,9.497919274477576,20,0
ESTÉRIL,MEDIDO,235.01698145860033,166.8964440779132,62.076308138616234,1.1869088909897418,10,0
MINERAL,MEDIDO,332.0212123356688,107.0701229956918,30.55033027259773,5.052294005623551,0,5
ESTÉRIL,MEDIDO,321.5021424246942,189.40518117192624,34.94803321348214,8.22268489232575,10,0
ALTO_TEOR,MEDIDO,110.73328511335845,138.54664308207379,37.51927207596151,1.9457645169713538,0,5
ESTÉRIL,MEDIDO,434.9189712632933,151.90779822940794,30.462435954086473,5.205625264198597,10,15
MINERAL,INDICADO,103.15016680868455,152.1568943247487,44.00643313023737,2.070144531975859,0,0
ALTO_TEOR,INFERIDO,497.41669226263554,85.61672137623754,65.42000790232177,8.981777191653507,10,5
ESTÉRIL,MEDIDO,191.9644516353921,72.31209820937865,57.72310875008017,5.992146333553503,10,0
ESTÉRIL,INDICADO,105.69053569745637,83.06589705607965,36.72976512989145,9.044106628062798,10,5
MINERAL,INFERIDO,415.5948880812477,72.79487104872393,34.9886466958189,9.101980108000927,10,15
MINERAL,INDICADO,280.3787484998986,71.28353201408318,45.12787372087526,7.093425139658368,20,0
ESTÉRIL,INFERIDO,276.5943888837532,161.46791555338461,46.79397423948479,7.788591474089045,20,5
MINERAL,INDICADO,254.10506028954748,125.43860363593502,45.66964119769119,1.3456240893121878,20,15
ESTÉRIL,MEDIDO,423.0404044675813,196.1438920063145,37.75042772742543,9.324922457865904,10,0
ALTO_TEOR,MEDIDO,405.6049123042601,161.75309664588076,41.19931264037797,8.320125601597148,20,15
MINERAL,INFERIDO,211.19177808809894,135.15605258757398,42.908829997331,5.157113694833204,10,15
ESTÉRIL,INDICADO,156.66386920971718,75.51608575137226,62.4125457524519,6.25691531660553,10,15
ALTO_TEOR,INFERIDO,255.3049777289009,167.34832603022693,65.03755455740708,3.8597496142414487,20,5
ESTÉRIL,INDICADO,140.67610725193686,143.20274275245572,54.63492600814425,3.3984927665611298,0,0
ALTO_TEOR,INDICADO,294.88486251013774,96.17842166223804,35.465313705845844,9.278684664463455,20,0
MINERAL,INDICADO,129.07000064951336,185.61111296695518,60.929000147176374,2.11913695986434,0,0
MINERAL,INDICADO,140.00994933119267,116.63867694874988,67.78154556606952,8.718596227699276,0,5
ALTO_TEOR,INFERIDO,336.4530600864773,185.67047082949995,60.46500485482872,3.334396630793136,20,15
ESTÉRIL,INDICADO,296.781962609753,92.33616300844011,30.79605286505916,6.958796493210533,20,0
MINERAL,INFERIDO,273.3060200535013,133.3373566271307,60.82603931146433,9.55128622869824,0,0
ESTÉRIL,INDICADO,187.3691212613033,191.16182113246728,64.49144836730137,3.063693322287004,20,5
ESTÉRIL,INFERIDO,298.60884050016296,106.70656183128872,36.662630834358076,2.7184650946779336,0,5
ESTÉRIL,INDICADO,118.17621732003376,139.1609402650547,60.6198506982821,2.8949821430251528,0,5
MINERAL,INDICADO,183.32999107397058,75.85619191074515,39.18623397615346,4.173090626174698,10,0
ALTO_TEOR,INFERIDO,284.37445319408573,130.25273707921946,48.61659986426993,9.698795740998907,0,0
ESTÉRIL,INFERIDO,238.55587595577217,148.35980313477194,58.3551321289861,1.938243295522984,10,15
ALTO_TEOR,MEDIDO,358.2633450019924,108.23553602020047,39.91655085275142,5.212011861527644,0,0
ALTO_TEOR,INDICADO,388.59601977114147,149.7613038084515,64.85152587151975,5.5352190113181,20,5
ALTO_TEOR,MEDIDO,193.9266143389356,152.0104418566049,54.59987122156417,6.230079827058534,10,0
MINERAL,INDICADO,194.24741982384091,193.17468362091972,60.15518997505673,2.712529665885304,20,0
MINERAL,INFERIDO,485.2168347305567,193.3769016180037,32.317678702893325,7.009314191402949,10,5
ALTO_TEOR,INFERIDO,200.14402521891623,102.30680254682528,40.64871591290189,6.768500361450417,10,15
ALTO_TEOR,INDICADO,264.08414567985176,146.1580705437499,47.68185679844187,6.95812165537072,0,15
ALTO_TEOR,MEDIDO,347.9315228399156,70.16772779433767,47.85532278230466,3.113849305202102,20,5
MINERAL,INDICADO,140.50566060979799,140.92034902788498,30.959067980802146,3.680359615302265,0,5
ESTÉRIL,MEDIDO,266.7680487061782,199.27026418491292,67.2877539770144,2.8153807490634426,0,15
ESTÉRIL,INDICADO,103.85551449664834,159.1959329370484,36.94812296652917,2.520060218480304,0,15
ESTÉRIL,INFERIDO,489.2735199908715,198.8555352607348,58.620469506855194,5.388457659885603,10,15
ALTO_TEOR,INDICADO,398.33188728774826,194.04035086895587,32.73607219610802,7.199315717086478,20,15
ALTO_TEOR,INDICADO,295.01377746738956,176.42960277406473,34.703898380441736,8.059893729430081,0,5
ALTO_TEOR,INFERIDO,336.52188577448896,155.9228761431578,52.90582285327835,3.3501001891307522,20,5
MINERAL,INFERIDO,407.48004735476775,143.46826189141672,43.045989655258296,7.785201040461837,20,15
MINERAL,INDICADO,491.4633211468586,130.66429719015048,43.602974928761896,1.6548547841109769,0,0
MINERAL,INFERIDO,499.7134485496408,114.4893224434502,53.76063617743758,7.889798128343699,10,0
MINERAL,MEDIDO,291.2960414514606,95.70048404850726,46.67502837651782,7.672653399156421,0,5
ALTO_TEOR,MEDIDO,344.5533374465839,177.1252366294325,39.95849117080516,9.78304735293313,0,5
ALTO_TEOR,INFERIDO,269.51058508343397,155.0899668055754,56.1412507270319,5.116012034699807,20,0
MINERAL,INFERIDO,449.7546070099057,119.54805781578457,,4.202076761236618,10,0
MINERAL,INFERIDO,339.47777666791194,96.25692518781526,69.14904248507625,6.61349311592839,0,0
ESTÉRIL,INFERIDO,351.2820578217388,87.48338646867353,52.704281159704344,1.5201049776157596,20,0
ESTÉRIL,MEDIDO,173.90131254360125,179.39205580161806,39.6113086731941,9.968248083507481,20,15
MINERAL,MEDIDO,373.217241319237,143.1760049897841,45.94044457151563,6.0713751336147785,0,15
ESTÉRIL,INDICADO,268.7204510812455,92.80406634131651,62.98093215290749,9.089678292470666,20,0
ALTO_TEOR,MEDIDO,149.7480691768768,198.03321191040328,41.58255417620205,5.939086463385836,0,15
ALTO_TEOR,INFERIDO,158.88513829459748,165.5760976566006,,9.82712152993129,20,0
ALTO_TEOR,INDICADO,434.82427849548986,130.82322699566527,55.08832819720599,8.4520497672973,20,15
ESTÉRIL,INFERIDO,467.2452353588185,123.8094814398653,47.11021485586405,3.322458727239548,0,0
ALTO_TEOR,MEDIDO,161.74150494392748,101.85113139668385,48.038385070397304,6.611008909211303,20,5
MINERAL,MEDIDO,186.92351059905036,75.99671343397526,40.96673512672824,9.672235385749513,0,15
ALTO_TEOR,MEDIDO,236.05060772580217,67.88204423019135,53.1327357282714,1.1112330967913986,20,5
ALTO_TEOR,INDICADO,350.0824755754811,180.40104240986494,47.49020922741404,7.236506909817301,20,15
ESTÉRIL,INFERIDO,355.4479262829851,176.93299735298586,40.11576215462401,7.699163395957463,20,0
ESTÉRIL,INDICADO,230.79028026722278,85.06785252309402,45.56068116275762,4.293720531982004,0,15
MINERAL,MEDIDO,399.3190898194471,101.15979754799454,65.76379989898763,1.9990053445976215,20,15
MINERAL,MEDIDO,324.41375610062636,187.121738155877,37.61607947967458,6.422890877817542,0,5
MINERAL,INFERIDO,415.02731281176926,65.00147903316999,54.51023013495278,2.7028856798606675,0,15
ESTÉRIL,INFERIDO,186.48387550733645,103.0798359633772,42.861318156975905,7.366460973001329,20,5
MINERAL,MEDIDO,305.59445573391474,171.6756414488163,,4.2660163073621185,20,5
ALTO_TEOR,MEDIDO,118.09069246307078,158.822809520186,47.37721605546866,9.132728166231832,10,0
ALTO_TEOR,MEDIDO,253.9813534526269,52.903550230889735,58.5291686562648,7.439689936945459,20,5
MINERAL,MEDIDO,226.7541277002793,154.38288223109762,67.06940621580793,5.59151828939391,0,5
MINERAL,INFERIDO,140.21269477542776,183.90711445620155,32.051228808886876,7.622752726664502,0,0
ALTO_TEOR,INDICADO,189.3453840266713,123.90196907575452,34.759591158813286,4.178516782280627,20,0
ESTÉRIL,INDICADO,474.55773005160154,118.45117851411585,57.677758370533354,2.9773289927376787,10,15
MINERAL,MEDIDO,441.5583795289417,70.61044938471011,35.22150174862848,2.300097184027054,0,0
ESTÉRIL,INDICADO,402.0619644240593,150.281629639316,30.067334439223874,8.875285238480362,20,15
ESTÉRIL,MEDIDO,426.60350853655916,176.05420486855292,60.21076915903805,8.782387517140705,0,0
ALTO_TEOR,MEDIDO,286.507400469638,93.70462563048562,65.70650136392254,7.788508783809357,0,5
MINERAL,INDICADO,499.8669417176477,53.41264292746619,,5.218322219773961,20,5
MINERAL,INDICADO,291.1176653355063,72.39088017628639,67.92252305966136,8.290535308910037,20,5
ALTO_TEOR,INDICADO,250.24877339783455,170.36298205105572,60.385203548600956,1.9692193234979114,0,5
ALTO_TEOR,INFERIDO,351.0596574188096,92.59085926564231,56.25293655888008,4.974128940765058,10,15
ESTÉRIL,INFERIDO,339.93228454896234,167.30984797629728,68.31985906859656,2.7744026991438764,0,0
MINERAL,MEDIDO,456.86629172841356,66.50186337549415,,9.046228904462158,0,0
ESTÉRIL,INFERIDO,404.551254904219,102.07497242488932,51.6137988962608,2.804240975831497,10,15
ESTÉRIL,INFERIDO,307.183833409267,188.7870831516966,62.58302351832391,1.7138710629212275,0,0
MINERAL,INFERIDO,168.46730672544643,149.09510303807798,50.57580961136634,6.866942513868992,10,15
MINERAL,INDICADO,162.8759046305459,152.11328963221536,30.780665532255583,1.30936433344029,0,15
MINERAL,INFERIDO,233.16057682318427,157.00079438756245,67.05609049135123,6.939874404407954,0,0
ALTO_TEOR,INFERIDO,456.02059390749656,142.41300780322456,58.266772131276305,1.4233482501349717,0,0
ALTO_TEOR,MEDIDO,142.80912020545003,119.06881384006911,48.33974015594296,3.606120292133897,0,15
ALTO_TEOR,MEDIDO,142.80599882401606,111.1615068862553,32.968041478736886,9.851443462860082,0,0
MINERAL,INDICADO,253.759934840219,144.5842014846878,42.62427913390745,8.508093800768354,10,5
MINERAL,INDICADO,487.6064236269178,79.77363495822257,30.131993679564726,6.752097053311929,10,0
ESTÉRIL,INFERIDO,392.00622227880217,105.88069372190584,47.72687041186408,1.0213870047275422,20,15
MINERAL,INFERIDO,156.47878255326893,95.3193109861648,59.76270492203559,5.0354664938643205,10,0
ESTÉRIL,INDICADO,496.3537345655662,186.75791377503666,31.05730279786641,8.574772006736406,20,0
MINERAL,INDICADO,497.52774117908075,152.22261206729002,37.21348487003689,3.8380944651721207,10,15
ESTÉRIL,MEDIDO,116.56918002308586,102.19221474940571,34.95766576068601,3.766487002259731,20,0
ALTO_TEOR,INDICADO,270.22363152094647,158.80201516722374,52.10502119369249,7.0365692875653725,10,0
MINERAL,MEDIDO,490.43122811705075,87.72759613425177,34.76988152761118,7.500634325263211,10,0
ESTÉRIL,INDICADO,466.80736757565444,91.97559575329143,61.42014960527829,4.2933097174560135,20,5
ALTO_TEOR,INFERIDO,123.8511352951777,199.70639920996285,64.70760595926572,1.486930277031886,10,15
MINERAL,INFERIDO,112.43120858828365,57.4228308275125,60.4160468257561,8.858687449648047,20,15
MINERAL,INFERIDO,352.51076213550425,157.70195919113357,64.67315762226588,1.496596312433164,10,0
ALTO_TEOR,MEDIDO,458.89895448656904,184.97374792572202,42.35577422782152,6.731238900952707,0,15
ESTÉRIL,MEDIDO,328.51678550503084,97.87674509143163,64.67717575578175,8.381864429537895,10,5
ESTÉRIL,INFERIDO,225.00376649216986,184.40304784037187,67.65883110355733,2.8335499292967152,0,15
MINERAL,INFERIDO,225.28055001622675,99.16321774681765,49.3057627434827,7.198031306766511,20,5
ESTÉRIL,INFERIDO,305.18240873915045,65.44922284441718,44.859369258471204,2.940405730368465,0,0
ESTÉRIL,INFERIDO,353.0943568337915,60.303114243881275,61.14287528667536,9.711217876116018,0,5
MINERAL,INDICADO,270.901766468578,111.50909704124194,40.751835726681406,4.999746539078128,20,0
ESTÉRIL,INDICADO,234.22862151299054,148.1580099541497,47.76584984413658,7.33096738286868,20,5
ESTÉRIL,INDICADO,369.79445151329986,178.86800814467804,42.352310015963866,7.903438235203193,20,15
ESTÉRIL,INDICADO,201.93577527690286,87.48100773997139,37.781384087654075,8.571898740761567,20,15
ALTO_TEOR,INDICADO,179.82048566138866,72.63958763604602,,6.878510338129023,10,5
ALTO_TEOR,INFERIDO,120.53230121952585,172.33341155486983,66.22913814439839,3.4789887149907464,20,5
ESTÉRIL,INFERIDO,412.56679772213556,53.113283395537294,62.1294552983247,4.527925875581552,10,0
ALTO_TEOR,INDICADO,122.32390648818492,149.74290833868622,64.14562358461217,7.784793899994242,0,5
ESTÉRIL,MEDIDO,225.18402108167732,100.48898631652013,61.384222979347285,8.90875998689286,0,5
ALTO_TEOR,INDICADO,103.89783254164922,68.74293485312592,57.57732620354595,7.133124861297902,10,0
ALTO_TEOR,INDICADO,460.9714554180552,55.417031713453284,48.19057094405474,4.709295618548583,0,0
ALTO_TEOR,INDICADO,332.92810656233365,91.89094403654332,53.30386480867901,2.638952343872135,10,15
ESTÉRIL,MEDIDO,288.6507662624347,142.04578767681426,61.647691334702834,2.3160875414071636,20,0
ESTÉRIL,MEDIDO,336.7090335638027,179.98669007662858,59.9471075838215,6.156655545789529,0,0
ESTÉRIL,MEDIDO,213.72580656577162,125.54054317244659,44.002128416147315,8.025802073053349,20,0
MINERAL,MEDIDO,432.1256970074298,187.84342456360397,64.7800829639794,4.862249991081068,0,0
ESTÉRIL,INFERIDO,365.4776849409241,121.86675364233324,38.93076051831138,5.08824061445186,0,5
MINERAL,INFERIDO,174.2797417003414,150.44683754404412,,5.10016208895465,10,15
MINERAL,INDICADO,240.36685988325948,118.83551354092208,41.14733955859341,8.768752377839098,0,5
ALTO_TEOR,INDICADO,449.9965679121477,145.77227266311763,35.34814878206764,8.47773966423263,0,0
MINERAL,INFERIDO,269.873369151446,94.04429046972643,40.48990241408616,6.401770328591094,0,5
ALTO_TEOR,INFERIDO,118.50761005814107,80.41115286842687,42.13490971758551,7.563879770558292,0,15
ESTÉRIL,INFERIDO,489.3902295553902,186.74455719612337,65.75873493954907,9.64593302898483,10,0
ESTÉRIL,INFERIDO,159.7686039841285,199.66434224410995,65.12124407729677,8.726134298974054,20,5
ESTÉRIL,INDICADO,205.06280061110226,196.32639014015268,66.9458108337298,3.8938148419073113,20,0
ESTÉRIL,INFERIDO,467.83697144808457,79.01996034776461,48.30041390702104,4.490780019237478,0,0
MINERAL,MEDIDO,357.8032610680264,183.29104810865397,64.88642662351484,2.7423168231971258,10,0
ESTÉRIL,INDICADO,228.19338305957402,133.93587519293663,31.663873777756777,4.137445347858922,20,5
ESTÉRIL,INDICADO,123.35091900560427,77.25338225848816,37.26276011929903,3.130611573633425,0,5
ESTÉRIL,INFERIDO,497.23822240517836,134.37301278277818,54.03133128072436,7.2632423148882435,10,0
MINERAL,MEDIDO,259.1925009575209,190.00948692719408,54.73097807434572,4.957122097247874,0,0
ESTÉRIL,INFERIDO,270.5957851702643,132.13434896925892,32.67928147223559,2.328685284852603,10,0
ESTÉRIL,INDICADO,449.26925526029765,151.91820827895805,65.49487368179126,4.255530035430597,20,15
ESTÉRIL,INDICADO,412.62813302681616,95.5235359935428,46.22921525171945,4.5262920796073605,0,15
MINERAL,INDICADO,300.33561191254046,178.79287176987205,45.66925470092175,3.5986497316953026,10,15
ALTO_TEOR,INDICADO,481.66020917835334,126.24268429141567,52.67002848400156,3.389631841629124,10,15
ESTÉRIL,MEDIDO,119.03438941270576,169.11019846594786,44.34001672226676,2.091143388348442,0,5
ESTÉRIL,INFERIDO,269.66483793410885,134.910187114304,56.6067324108313,5.8911285493975045,20,0
MINERAL,INDICADO,484.39069679673486,115.30841360316234,62.3922064273102,1.9178661197254931,20,15
ALTO_TEOR,INFERIDO,451.26470408967026,52.48543299646901,54.97033388205448,2.710142836637555,0,15
ALTO_TEOR,MEDIDO,483.05531277667717,124.12578066294842,69.57027467210371,4.391890095546298,10,5
MINERAL,INFERIDO,113.74034501522274,120.2811663305621,33.98900747848191,1.685347332977094,0,0
ALTO_TEOR,MEDIDO,125.99596251762057,142.2520041133103,35.74597990482581,8.658778148774424,0,0
ALTO_TEOR,INFERIDO,330.2492961161506,89.60620530032458,,8.392950593486546,0,15
ESTÉRIL,MEDIDO,277.4919970466251,186.1157806650222,31.730580055129856,1.9327705984068677,20,5
ALTO_TEOR,INFERIDO,489.02769837479696,57.94870722402725,54.82620655870173,8.438293723417658,10,0
MINERAL,INFERIDO,432.75115085370055,172.70107275342912,67.86035008392128,8.904978149635069,10,5
ESTÉRIL,INFERIDO,158.91721998991557,101.09906537995676,53.408804363532184,9.896273725182803,0,5
MINERAL,MEDIDO,196.4521087454338,159.18693555330918,46.902179765212665,3.2257471626343284,20,15
ALTO_TEOR,INDICADO,410.16883237309173,147.42229844755073,49.239141696778226,8.55783334672034,0,0
MINERAL,INDICADO,257.3953800957539,112.00534308998705,63.070633479617804,2.5044191532763147,20,15
ALTO_TEOR,INDICADO,485.5568008193649,86.96099639794333,33.345612290014245,4.8146980276299916,10,15
ALTO_TEOR,MEDIDO,142.0900513973477,94.7353047175543,40.90588708378801,3.336354059532963,10,5
MINERAL,MEDIDO,211.09807601496294,109.96370555999044,30.764986485870928,1.0045180456389027,0,5
ESTÉRIL,INFERIDO,405.78534786126494,71.92471213534634,63.60634751037661,4.398137231428142,0,0
MINERAL,INDICADO,191.7792486008447,90.85873882187313,39.65787202405011,1.2494124109739477,0,15
ESTÉRIL,INDICADO,493.6428573251356,179.1481171045142,50.412405774563496,8.564963273569823,0,5
ESTÉRIL,INDICADO,331.44086628642435,153.713877154629,66.2723935722256,6.142307284007486,0,0
ALTO_TEOR,MEDIDO,194.61421564803376,85.40305387839464,30.268880991792493,5.390119766884146,10,15
ESTÉRIL,INDICADO,482.72469883543585,98.08285228117472,32.38350755563347,3.2110748362748085,20,15
MINERAL,MEDIDO,405.9793049650202,117.95619491789535,41.98041164860565,9.682089637452009,10,5
MINERAL,MEDIDO,367.52812799469456,134.21676060263678,61.266570831088956,6.624475405369173,10,0
MINERAL,INDICADO,356.3410529898453,80.61410430450698,51.25679377288979,3.632505939720899,0,5
MINERAL,MEDIDO,136.03623781047824,140.38489000511356,58.57845617251786,1.687956730371155,20,0
MINERAL,INFERIDO,455.83759028134,176.20512976170068,44.35581717836671,6.487475569073004,10,15
ESTÉRIL,MEDIDO,388.3155076659298,83.8287696519688,32.90473435813751,9.819814186927976,0,5
MINERAL,INDICADO,364.549848573211,118.45893234108227,38.10537929184752,7.000835931127655,0,5
ESTÉRIL,INDICADO,306.513853464147,73.43719942849924,56.77213090385091,9.395089617007942,10,0
ALTO_TEOR,MEDIDO,208.34908572360118,198.4315516210338,33.61986433409874,1.9934949329686882,0,5
MINERAL,INDICADO,493.9258234435236,129.6369861613676,33.95658934852931,6.6643000541610515,0,15
ESTÉRIL,MEDIDO,156.67893185751626,120.62363381371745,43.045288613299896,8.268799938308053,20,15
MINERAL,MEDIDO,276.45125119890497,128.11771232146717,68.65842865504706,6.747373793479144,20,0
ALTO_TEOR,INDICADO,338.32549020178163,190.10397847006072,38.027551618576105,2.8121070630051928,0,15
MINERAL,INFERIDO,176.50320264683845,152.24695233076602,50.957035597874984,9.897770262364727,20,0
MINERAL,MEDIDO,349.59768836619844,169.42656141140657,50.703624155132886,3.3598227199983386,0,5
ESTÉRIL,MEDIDO,149.95173713057034,120.38656939811403,31.605920514581754,2.1003096153121645,10,5
ALTO_TEOR,INDICADO,322.88669769248315,118.45094186205422,43.39848041238034,5.853179847218481,10,15
MINERAL,INFERIDO,303.4196928462934,84.50203281858126,48.27281347469544,8.230195076573562,20,5
MINERAL,INFERIDO,496.72363854365653,127.92151436498797,56.471953626558324,5.347942784982974,0,0
ESTÉRIL,INDICADO,323.15325904135216,52.93888271868466,55.47722428483941,4.416537484768178,10,15
ALTO_TEOR,INFERIDO,398.6872071486572,175.62669713091134,69.56306383843432,4.536267988258363,10,5
ALTO_TEOR,INFERIDO,330.49505416664994,194.45850036143437,61.82448798429748,8.667587408659543,0,5
MINERAL,MEDIDO,196.13458106395416,94.51939905920877,64.26876979822931,8.234827514628217,0,0
ALTO_TEOR,MEDIDO,290.1368668789197,111.67524422149,31.931792732280915,8.908912251584418,20,15
ESTÉRIL,MEDIDO,491.27858121331997,120.49498233276329,42.856915636757186,8.810766548377643,0,15
MINERAL,MEDIDO,193.04753077419872,174.94152362495902,34.86615396843548,7.583405895722217,10,5
ESTÉRIL,MEDIDO,455.2527618552395,162.91470434202628,63.596255289872474,7.25538233163003,10,5
ALTO_TEOR,INFERIDO,303.2471437344633,160.8924373917592,60.04250571248445,4.956634234732059,20,15
ESTÉRIL,INDICADO,400.925145999803,183.43255919027186,37.14819014644431,9.878163421522368,10,0
ESTÉRIL,INFERIDO,192.1213435857025,158.97515040301795,61.49897521076774,5.212064500009487,20,5
ALTO_TEOR,INFERIDO,128.25286942440633,61.900575767462215,31.45138101830808,1.1215509576193567,10,5
ESTÉRIL,INDICADO,170.95007444221255,142.93998499545694,31.437638512760337,8.624349554357758,10,0
MINERAL,INFERIDO,392.192590485316,155.49626978183736,36.85243756282064,2.5182719078594227,0,5
ALTO_TEOR,INFERIDO,165.39911834396727,189.28781559796843,31.20589127541271,3.780902004403097,20,0
ALTO_TEOR,MEDIDO,344.6965509561751,117.9545978321375,45.08885930879121,9.764981478200509,10,15
ALTO_TEOR,INDICADO,463.2804803407809,132.19143594635472,42.147585516299266,1.518416593552368,0,0
ALTO_TEOR,MEDIDO,283.99254249375383,113.07732067127893,67.52288627132592,5.762452846362827,20,0
ESTÉRIL,INDICADO,240.11443579288687,109.44290290356572,69.25299109093945,6.395276524398077,0,15
ESTÉRIL,INDICADO,498.78488390151705,121.43695112013087,50.15110931179096,9.081230155472255,20,0
MINERAL,MEDIDO,421.5706877509183,177.31463073968257,59.44696855642738,5.721016655054963,0,5
MINERAL,INFERIDO,254.54844980607595,166.11882669133,62.764778291354936,3.3866179334764874,20,15
MINERAL,INFERIDO,162.34493792781862,144.4821255589946,,6.3013840130598515,10,5
ALTO_TEOR,MEDIDO,367.4696026293758,70.3952867598703,62.310621942000786,5.112047559758612,10,0
ESTÉRIL,INFERIDO,330.71826853062703,141.0024343515001,49.23284353693753,2.9396224832065085,10,15
ESTÉRIL,INFERIDO,164.86370585796237,56.24109126870821,31.30891624112904,6.33026857888074,0,15
MINERAL,INFERIDO,254.5576996402823,199.80262105568454,62.699904635758955,5.1884712992954585,20,0
ESTÉRIL,INFERIDO,489.6673595029951,185.52760713903385,40.169735260100865,9.947442305208833,0,15
ALTO_TEOR,INFERIDO,299.6279550770992,199.5811254381867,47.727174929261544,9.795025980812893,20,15
ALTO_TEOR,INDICADO,446.840236891912,114.39095320154189,30.648754442460348,7.258353932803485,0,0
MINERAL,INDICADO,154.04235460424576,180.7298515976676,31.422944626118735,6.123522528671909,20,0
ESTÉRIL,INDICADO,311.30142945403355,197.86938370932705,44.999846950413314,4.561536713478935,10,5
ALTO_TEOR,INFERIDO,113.17447736850919,59.90251075870539,47.231706362228536,1.69132718013644,0,0
ESTÉRIL,INDICADO,449.3540138844974,155.7215703542173,51.240395108110306,2.083886556319166,10,0
ALTO_TEOR,MEDIDO,453.3904280252615,124.42312003915369,49.656667493593645,8.665210451664024,10,15
ALTO_TEOR,INDICADO,344.2645064983851,136.8264449385698,48.96920385923578,6.123820123173783,0,15
ESTÉRIL,MEDIDO,104.5978038064717,194.7567646037912,54.5239842607984,7.9925332047239435,10,0
ESTÉRIL,INFERIDO,291.320112271158,91.64073138514908,60.11864616688414,4.229158094001462,10,0
MINERAL,MEDIDO,329.0450251863766,164.25492631551526,69.85381227311453,1.828872381353411,0,5
ALTO_TEOR,INDICADO,227.50507033484183,197.23295497687744,69.40463849749574,9.588301889819908,0,0
ESTÉRIL,MEDIDO,283.4514905333077,72.11399079698302,,3.7807673295847053,20,0
ALTO_TEOR,INFERIDO,461.4041538301248,100.49180485164516,46.09418985169343,4.3672802045597745,10,0
MINERAL,INFERIDO,430.7534976840021,175.18150672879295,35.36706901007292,4.649952035771672,20,5
ALTO_TEOR,MEDIDO,161.5065344579811,173.50305733429795,42.410825649165794,2.4986464499352907,10,5
ESTÉRIL,MEDIDO,274.72654398872146,90.6891276892961,31.623771922972313,3.636069408551223,20,5
ESTÉRIL,INFERIDO,158.05342403197628,63.21731624657495,33.2592653991572,6.6366376833941265,10,5
ESTÉRIL,INDICADO,102.25643343272566,133.24609217377434,39.695324153736635,7.7711154734428565,20,15
ESTÉRIL,INFERIDO,104.53965771218559,145.35049093753605,55.86802595237138,1.9268231010197616,10,15
ESTÉRIL,INDICADO,438.9336870858694,111.2753629357627,62.04113587247008,3.6629950362887858,20,0
MINERAL,MEDIDO,212.01315771784354,198.84584680279445,67.88306085261783,4.191218588758652,0,0
ESTÉRIL,INFERIDO,163.7575573576508,81.4767726811159,44.3844913745594,9.13871031654519,20,15
ESTÉRIL,MEDIDO,229.46231121327872,147.68764605840653,39.882000944187205,3.5972393881705385,10,15
ESTÉRIL,INFERIDO,224.0492653500337,138.32339831162471,35.19185113374406,6.302168101115966,10,15
ESTÉRIL,INFERIDO,368.7432370436956,50.201513519748175,51.68740023435861,3.6790816481652344,0,5
ESTÉRIL,MEDIDO,380.784733293324,168.45380738961543,46.20065717531102,4.137026536279213,10,5
MINERAL,INDICADO,260.52831646485845,158.80740210306993,40.19388472065949,7.069799607250383,0,0
ESTÉRIL,INFERIDO,127.07244713038955,160.71931542745233,54.63358605327964,7.462888909742961,0,0
MINERAL,MEDIDO,368.85814794642073,113.14905560860092,49.201898523297636,7.866097132525305,20,0
MINERAL,INFERIDO,465.99671186406573,154.3046336591994,40.659063095081336,1.7347773346472382,10,0
MINERAL,INFERIDO,431.2116021081095,131.36338681351623,56.88563704068729,1.5591020508311006,0,0
ALTO_TEOR,INDICADO,398.2622274877534,89.90545022437033,38.271827239771426,9.61770352513454,0,5
ALTO_TEOR,INDICADO,379.53886576444864,131.3804886076099,33.928363560039784,4.207170526029914,10,0
ALTO_TEOR,MEDIDO,467.76221401421395,98.15447649733221,41.58115989617906,4.350773900504176,20,5
MINERAL,INDICADO,296.6989496465865,96.05837806713384,35.23699757697496,3.416689193661349,10,5
MINERAL,INDICADO,103.29212381832411,188.4317223607394,37.464455903611096,8.719493696493878,20,5
MINERAL,INDICADO,498.03377955866915,87.06380328601615,63.53494752257592,7.386334284809259,0,5
ESTÉRIL,INFERIDO,485.086080980999,75.95304559994798,46.8844422621768,6.752538229402481,20,15
ALTO_TEOR,INDICADO,435.7254975616212,143.62956219887698,40.111793432036116,8.024813666703512,0,15
MINERAL,MEDIDO,415.2704670351227,113.78459931121691,48.561562320592486,4.274603315293661,20,5
ALTO_TEOR,INDICADO,104.10046496118142,182.06513739647698,,6.6006851675800675,20,15
ALTO_TEOR,INDICADO,393.4120384805055,133.99708099351278,,7.400490457842866,0,5
MINERAL,INFERIDO,337.06781280599114,124.0146497847985,43.67773891158702,1.0755090228861262,10,0
MINERAL,INDICADO,287.6726592530805,154.34520851914175,65.91286099780844,4.712504456089022,0,15
ESTÉRIL,INFERIDO,261.58205382228266,142.69154856237822,51.08595554728987,1.1989505204115662,20,0
ESTÉRIL,INFERIDO,150.09479805906048,85.89303340236197,32.42023744834647,1.4462776779093762,20,5
MINERAL,MEDIDO,239.02223078267025,139.4877247119128,42.513910262357506,2.8864716720640056,10,0
MINERAL,INDICADO,255.79377830230965,188.10017424171622,61.30447786312855,1.1499984177033928,10,5
ESTÉRIL,INFERIDO,456.2152644148076,111.12439419158193,64.32566905963546,6.83945701708295,10,15
ALTO_TEOR,INDICADO,457.15611923106405,65.49840664308525,55.201351186440306,6.096799410019931,0,0
ALTO_TEOR,INFERIDO,486.4070269538098,66.42440586830827,41.39046464123306,8.558907210289522,10,15
ALTO_TEOR,INFERIDO,453.74937577625286,191.32719459074846,37.46808625271301,2.3546044804474944,10,0
MINERAL,INDICADO,320.18789435558153,189.47599358072833,39.96199229593722,2.4888410458930075,20,0
ESTÉRIL,INDICADO,379.88967985574453,123.96289935742278,47.16854980672414,7.270993818118771,10,5
ALTO_TEOR,INDICADO,468.2827090659719,125.77004379763973,44.60004152462501,8.948827325460329,10,15
MINERAL,INDICADO,298.1958400899289,155.64838676337877,67.35669060114581,9.13757699188721,10,0
MINERAL,INFERIDO,475.2368404529406,110.05685039633435,54.40455274895665,3.1232346113714105,10,5
MINERAL,INDICADO,287.5261991804909,135.8556765095901,52.22584602709955,4.674369494210278,20,0
ALTO_TEOR,INFERIDO,229.8478686755829,59.19594213169939,,3.7447662605708327,0,0
ESTÉRIL,INFERIDO,396.2924652013991,196.14435565487398,69.98736041657031,2.3683378087883464,20,0
MINERAL,INDICADO,125.90002756064086,118.45536404022513,34.0347098684889,3.886907587385034,10,5
MINERAL,MEDIDO,253.7130778185658,153.03920166223,66.6465546109221,6.036915754943643,0,15
MINERAL,MEDIDO,499.84897232069864,191.9385240050562,58.48679888301353,9.51533874061088,0,0
MINERAL,MEDIDO,462.3380778846888,90.67080596301908,30.298924418126365,7.765263255292258,0,0
ALTO_TEOR,INFERIDO,479.34011909143663,58.44656733469781,44.80146135531277,9.391268380571585,0,5
MINERAL,INDICADO,281.7074371959061,181.84862676383986,30.498229155213718,1.8388900140018178,0,5
ESTÉRIL,INFERIDO,237.01892548446978,72.22724344865408,38.46340768562876,3.871889308327404,0,5
ESTÉRIL,INFERIDO,433.8984692108311,106.14330161378348,31.94405960424948,8.694632244496455,20,15
ESTÉRIL,INDICADO,478.4710750491261,92.17484516795345,57.94341235323109,9.27486788359298,10,15
ALTO_TEOR,INFERIDO,158.3286724086807,196.48354400949054,57.85704051937317,4.723660686260727,20,0
MINERAL,INDICADO,271.84288291577934,136.9548986374296,66.27483949557833,8.729231775722802,20,15
ALTO_TEOR,INDICADO,454.1696936867994,113.27117101503495,32.72971261971836,2.7126101379028387,0,5
ESTÉRIL,MEDIDO,280.3826882538538,107.89808640970452,66.98520371690196,6.590814542131437,0,5
ESTÉRIL,INDICADO,346.5704181968304,191.35600989782088,63.865454973936316,1.1711320040113478,20,0
ESTÉRIL,INDICADO,171.54529080118448,71.99423641868515,41.474581977298904,6.06225354518993,0,0
MINERAL,INFERIDO,477.6784578090425,196.25815627176664,53.153387251396694,4.271557413027653,20,15
ESTÉRIL,INDICADO,342.1662779125389,87.21327535536184,39.60881017769459,5.548415430539644,10,5
MINERAL,MEDIDO,379.7444519583953,159.89508576289765,69.12122283869297,4.143279269764007,0,0
ALTO_TEOR,MEDIDO,292.5147049193291,166.72992994669426,59.07715964453971,1.6978058502114344,20,15
MINERAL,INFERIDO,319.1769721043685,113.30991434237794,,1.5269325777747504,0,0
MINERAL,INFERIDO,311.03524045288316,54.18146613339779,68.04329240780845,7.22397469190347,20,0
MINERAL,INDICADO,450.54317498322047,62.10188102424047,62.84023842671068,9.972455632271188,10,5
ESTÉRIL,INDICADO,116.9398472982425,88.11822568935428,56.10359612327243,5.1566984991635625,0,5
ESTÉRIL,INFERIDO,247.77845845217664,127.89782034750411,62.93363873834569,2.08264926428823,20,0
MINERAL,INDICADO,160.0835959125689,122.07541866427133,,8.359194465536092,0,15
MINERAL,INFERIDO,161.8702381807021,168.4561363408903,49.13755804367291,9.864312946691419,0,5
MINERAL,MEDIDO,315.2262950433271,173.62905593658775,68.62059760853901,9.848738871011692,0,15
MINERAL,INDICADO,162.86559570811474,182.78204319015455,,9.082872799852671,10,5
MINERAL,MEDIDO,270.0042865936952,190.91129166990004,46.903860127856554,2.061376025457463,0,5
MINERAL,INDICADO,117.9554679545042,83.49119803070616,42.67675422510236,8.210234643736555,10,5
MINERAL,MEDIDO,341.7881077478831,129.67854127202926,58.411039585584426,7.563263788528784,10,15
ESTÉRIL,MEDIDO,416.3767512823639,182.19018650577448,36.4913091328954,5.271737397716762,0,0
ALTO_TEOR,MEDIDO,463.0446646481355,99.43392363392527,32.17826952279262,9.958634291571165,10,5
ALTO_TEOR,INFERIDO,320.15399121066827,129.61254860464817,55.68144442467062,3.6589969921976335,0,5
ESTÉRIL,MEDIDO,371.83481876611506,56.73998700825778,63.067488615906974,1.2249910921488725,10,5
MINERAL,INDICADO,201.02454398534624,80.0978864513747,69.1615445081112,7.3232046279982566,20,15
ESTÉRIL,MEDIDO,103.47154585508869,111.50177893993842,58.18083962993823,9.258723266331273,0,15
MINERAL,INDICADO,237.7352454032861,94.85533004852093,64.48110894717004,8.094998188791301,0,5
MINERAL,MEDIDO,387.0880496599585,80.26695746278777,60.50074505700846,1.9452763308020833,10,15
MINERAL,INDICADO,307.8152122845336,143.8044959656123,55.03969232036574,1.6319699710955207,10,5
ALTO_TEOR,INFERIDO,489.458365654984,153.8018977987557,40.487822496415234,6.718213318112978,0,5
MINERAL,INFERIDO,278.0155322125269,106.9684869227379,51.92049221736714,4.865155409146009,10,15
MINERAL,INDICADO,457.35375907594783,60.23747309607588,63.36140360192201,1.2000772144580967,20,0
MINERAL,INDICADO,497.67960807164764,106.27250119704755,65.97737525949375,4.473199680932342,10,5
ESTÉRIL,INFERIDO,300.6377573464941,190.09816800923338,42.46251748728666,6.365158237433697,0,0
ALTO_TEOR,INDICADO,384.7377713527437,117.71790692702838,34.425336031051145,3.016114423427334,10,0
ESTÉRIL,INFERIDO,216.53976788659773,127.94637537970992,54.849925492798114,6.834610813685565,10,5
MINERAL,INFERIDO,227.42934644895212,147.8910938857358,34.054879331438,4.966444817813282,20,15
MINERAL,MEDIDO,427.38853848838374,133.70888032728823,40.44924345025414,2.2258254139689964,0,15
ALTO_TEOR,INDICADO,289.6375175984275,153.61907217743553,52.940665457617726,9.503847063789925,0,15
MINERAL,MEDIDO,151.50186352261366,165.92334790887807,39.9872363250636,5.052181182460577,20,5
MINERAL,INFERIDO,424.0092416111936,64.35393222030132,53.67730519570444,5.8436027911701105,0,0
MINERAL,INFERIDO,225.0834907466516,114.44325231772163,53.25170616958276,2.7451809571289174,20,15
ESTÉRIL,MEDIDO,463.88001602764075,150.68239313621973,41.19166395998751,4.916851867278126,20,5
MINERAL,MEDIDO,308.73257846600757,101.2120921184326,31.57307011452144,3.789397996653005,10,15
MINERAL,INFERIDO,461.9709471352414,184.89771653028305,62.455783916428054,7.5943855960793805,20,5
MINERAL,INDICADO,157.56859765935994,164.7648120118875,64.40207547423255,9.379774532546934,20,0
ALTO_TEOR,MEDIDO,372.78956704888327,105.81223166746034,38.86436860611633,3.98239501237843,10,15
MINERAL,INFERIDO,366.8612470356808,73.67835221331347,56.20949327501546,3.724938796472916,20,0
ALTO_TEOR,INDICADO,106.30232997639304,66.29198841151224,52.226271780343495,5.928901025168242,10,0
ALTO_TEOR,INFERIDO,355.40535624232086,57.13854314093173,51.6194260952354,2.662500065216844,20,0
MINERAL,INFERIDO,303.22616876595174,67.33489143197548,30.878265497698663,3.701028098307206,10,0
ALTO_TEOR,MEDIDO,250.38089778138567,147.15540789674404,62.61638643589646,2.3750215341687353,0,15
MINERAL,MEDIDO,394.8953660412591,84.50310767654229,,7.137318998831301,20,5
ALTO_TEOR,INDICADO,228.33642198694216,120.53919316690687,57.974339355531356,1.856522696925157,0,15
MINERAL,MEDIDO,478.8320858997744,85.40797879537193,68.88683797129545,4.420968925013753,0,0
MINERAL,MEDIDO,231.45144673164958,172.41252825183471,62.1806297553008,6.234894843688795,10,0
ESTÉRIL,INDICADO,304.3324268219892,68.42434156076308,49.890476353747516,5.151892385050047,10,0
ESTÉRIL,MEDIDO,356.4568687004121,138.5718320452303,69.28353786013957,4.380671414085725,20,15
MINERAL,INFERIDO,120.96756392437796,74.84182021957484,31.035075502179854,4.852518400161438,20,5
ESTÉRIL,MEDIDO,462.20956054187553,162.5320226434098,37.48214614645853,2.9849481135714306,20,15
MINERAL,INDICADO,169.60531141334684,117.95491200562704,50.50037132099316,7.385821837142085,0,0
ESTÉRIL,INDICADO,449.49762479380195,135.9302246383879,66.87811343670418,2.290172075303814,10,0
ESTÉRIL,MEDIDO,472.9720200649362,128.8233862780845,47.93480665326555,5.785766838374807,20,0
ALTO_TEOR,INDICADO,419.003995721196,178.16788007969836,54.81865036038457,7.224984474727146,0,0
MINERAL,MEDIDO,281.7483539288059,63.05412145628866,57.976902728207314,1.7441247700541045,0,0
ALTO_TEOR,INFERIDO,436.69577508605204,183.37331940060818,47.006102325932446,2.419277624671327,10,5
ESTÉRIL,INFERIDO,336.3981970039024,100.91059187356592,69.21432682531493,3.7765066459183574,0,0
ESTÉRIL,MEDIDO,409.8718535182099,92.65651115859852,31.776268665658016,8.45923053056935,20,15
ALTO_TEOR,INDICADO,228.1485145010686,179.54886774399816,,4.141614672955255,20,5
MINERAL,INFERIDO,251.3015946937227,67.80471819828999,44.90581639847106,7.965393249014247,10,15
ESTÉRIL,INFERIDO,376.8315666431937,54.85010119237438,60.697840259960515,5.012027578041572,20,5
MINERAL,MEDIDO,284.83547038872905,113.06623965897313,59.441608220178395,7.0858003436604475,0,0
ESTÉRIL,MEDIDO,362.68865096483023,184.58276237981724,35.13485816261343,7.798250433656444,10,15
ESTÉRIL,INFERIDO,191.04791847348747,196.70409406087506,48.64183294971954,4.487027613199434,0,5
ESTÉRIL,INFERIDO,491.5755258409739,89.83164834582917,63.06991378481707,1.5979031142070532,0,0
ESTÉRIL,MEDIDO,404.6544137268103,183.66562675441116,35.96078907558001,2.9432830037450035,20,5
ALTO_TEOR,MEDIDO,390.7266296712936,123.39886123549117,55.765129399176665,7.170454784894501,0,5
MINERAL,MEDIDO,319.76990168128896,105.5851316784278,68.7816982378817,3.50825577592305,20,0
MINERAL,INDICADO,311.2410197697237,121.54873225703756,64.73275466823515,3.858622554604962,20,0
MINERAL,INFERIDO,284.2480298993901,107.12379957175489,51.724668628640124,7.750512151637658,0,5
ESTÉRIL,INFERIDO,491.39483199448887,99.87348457280288,54.31067391987658,7.854096009619312,20,15
ESTÉRIL,INFERIDO,276.2714296110631,153.6765032952872,34.036310348800136,7.6406309468329034,0,15
MINERAL,INFERIDO,237.74686762206426,135.73680113688772,66.99974857289857,6.033017869437519,20,15
MINERAL,INFERIDO,324.79830981038776,131.273665501685,45.426274387834376,9.535089475476097,0,0
MINERAL,INDICADO,337.5839537732778,83.87116198642335,59.52583346410991,2.9368965460409435,20,0
MINERAL,INDICADO,302.7984208110706,127.61827370788029,58.39278350819207,4.696446115508567,0,15
ESTÉRIL,INFERIDO,396.2562959254295,145.4014062514292,63.11096467759334,3.000171396970772,0,5
MINERAL,INDICADO,418.3865681614969,173.87799800202546,43.618773218669176,7.941513887084296,0,0
MINERAL,INDICADO,143.39115097732002,103.83200962581773,,7.430833574485162,0,5
MINERAL,INDICADO,437.580564762011,59.616590246973274,46.356046055631396,9.814469781719293,0,0
ESTÉRIL,INDICADO,139.2288198000888,158.4314368147011,45.833833694876674,4.382981320733135,10,5
ESTÉRIL,MEDIDO,288.63107922733013,186.57901267693293,35.30123597448551,8.20278968129714,0,0
MINERAL,INFERIDO,479.01061626767694,104.54749967226945,32.952357188830256,5.784172043178291,20,0
ESTÉRIL,MEDIDO,107.14701195702699,168.17537296994112,65.7328010727116,1.2452519916056395,20,15
ESTÉRIL,MEDIDO,358.95188136002497,142.3316005401337,56.885388501493594,5.905382959671173,10,15
ESTÉRIL,INFERIDO,497.6821289051474,111.11858115204747,34.419392294218696,1.258348072802786,20,5
ESTÉRIL,MEDIDO,250.6253940455199,197.4110698167001,39.3964310436125,4.4506824386019135,20,0
ALTO_TEOR,MEDIDO,318.1342933494302,122.29609196701057,50.66005739219956,1.4707819626258933,10,0
MINERAL,INDICADO,114.23183561916295,157.7744734772032,43.095680841784926,3.426668689178299,10,5
ALTO_TEOR,MEDIDO,395.013699821098,152.05283571550535,64.44795313985054,4.543537974947679,20,0
MINERAL,INDICADO,105.80094268176703,166.09518863235547,57.24732655891813,1.9549653539828613,10,15
ALTO_TEOR,INDICADO,152.17633419501283,128.8999743824923,35.20730172746014,3.268637079007794,10,15
ALTO_TEOR,MEDIDO,303.9247732828212,101.24448721569604,40.51989506262395,8.305498060745496,0,0
ALTO_TEOR,MEDIDO,423.57177732631476,150.6126774540429,33.909973012018796,9.888438866353301,0,0
ALTO_TEOR,INFERIDO,228.10598925826469,68.28030463152032,57.20778221027604,9.827437092868186,0,0
MINERAL,INFERIDO,464.1007917271528,131.02982885437146,48.15863997667185,6.395723109803766,10,5
ESTÉRIL,INFERIDO,340.5897245194267,133.48884847782608,50.915385658542576,5.719335363167624,0,15
ALTO_TEOR,INFERIDO,419.3681053798726,64.7043901271415,34.056517470808615,9.858335674936011,10,5
ESTÉRIL,MEDIDO,383.4944394909646,61.9695024260352,33.35197251808627,2.7516940243103436,10,5
MINERAL,INFERIDO,170.79971883956875,104.42781629271717,47.58938663838396,3.9550626318624587,0,15
ESTÉRIL,INDICADO,474.598506488401,102.3446519613641,43.52844289253086,5.17781194931625,0,0
ALTO_TEOR,INDICADO,388.0963887446194,99.48070381325608,62.96880194422335,2.8933303630786,10,0
ALTO_TEOR,INDICADO,180.36540238269396,124.58219040097119,61.15989277746951,4.630299125958794,10,0
ALTO_TEOR,INDICADO,182.35689934170273,149.09583977155341,60.97453225109971,3.9564793538110106,10,15
ESTÉRIL,INFERIDO,339.5463543305054,82.06192039813637,68.52780702068806,4.746859245980943,10,0
MINERAL,INDICADO,196.85570290248072,148.5773478782009,66.7336723233177,6.240647276513642,10,15
ALTO_TEOR,MEDIDO,260.67737787849467,91.34193018854182,57.45660719723527,6.736252666322395,0,5
ALTO_TEOR,INFERIDO,161.66862539175128,165.02702640966595,31.13666236211396,2.471357519430804,10,15
ESTÉRIL,INDICADO,347.7497649757314,78.02889478777317,33.02021764144226,8.5004281889805,0,0
MINERAL,INDICADO,197.9970494509609,52.475155192650625,69.4861513229101,4.498843953986219,10,5
ESTÉRIL,INFERIDO,335.97848996534015,129.99180707444023,45.246286201839865,3.4776397118988953,20,0
MINERAL,MEDIDO,457.9521012121363,156.68412234833548,,8.477202363193882,10,0
ALTO_TEOR,INDICADO,122.23008109034893,70.85569265930717,52.12355114595446,8.236708806852985,10,15
MINERAL,INFERIDO,420.45337187295513,185.08382235525343,61.65316983402702,1.99435925189702,10,5
ALTO_TEOR,INDICADO,401.0447531712707,63.5532449773725,54.54246290020474,4.92223181163032,10,0
MINERAL,INFERIDO,230.8461174707435,118.51972625368006,46.46548704042001,5.891650377630521,0,5
MINERAL,INFERIDO,355.50868384885223,68.24196192450546,63.00272853949962,3.459149178575499,20,15
ALTO_TEOR,INDICADO,270.5257676559653,139.917943003664,67.7206980675031,2.169448148106337,10,15
MINERAL,INDICADO,347.7561089634812,121.50950014509748,51.58478723899384,3.403265505815857,0,15
MINERAL,INDICADO,252.6263721096858,167.52523248837508,35.66780544347362,5.834070400593723,10,5
MINERAL,INDICADO,130.35739530152114,160.60539411342694,46.34013425720877,8.809434425882221,20,5
MINERAL,MEDIDO,479.6888157350345,131.5252815786443,67.85745393470225,9.235392651983133,20,15
MINERAL,MEDIDO,236.75899170771083,178.1753962871466,,6.475003281520571,0,0
MINERAL,INFERIDO,176.3646652469866,183.41564870730227,41.16040219762808,5.948131759357579,10,5
MINERAL,INFERIDO,141.99081659047357,78.91203163409602,54.77383028085907,8.875729192260525,10,0
ESTÉRIL,INFERIDO,168.08235975501793,80.4043373049415,65.52930347705454,2.4031794022964044,20,0
MINERAL,INDICADO,234.93511908490456,136.36311385806476,47.77465940502445,8.311977343323743,20,15
MINERAL,INDICADO,440.01372621264466,185.65631577557662,69.73446719314471,9.798402908907327,20,0
ESTÉRIL,INFERIDO,105.23572719693193,100.93967793020067,34.19221515911289,8.49093699914896,10,5
ALTO_TEOR,INDICADO,114.1572875105341,147.22776871044528,,9.96586426637493,20,15
MINERAL,INDICADO,118.71342244787883,185.60855665240393,68.56330148803025,7.547120743936849,20,0
ESTÉRIL,MEDIDO,357.2632502481193,127.41961559042673,51.37295833758051,9.09388086278337,0,5
ALTO_TEOR,INFERIDO,299.3252106374109,150.19944914131315,38.3306182599927,8.031684571726597,0,0
ALTO_TEOR,MEDIDO,430.99315724057743,56.518889882056996,41.25166663726783,8.554514595094435,10,0
ESTÉRIL,MEDIDO,306.7027127765124,158.16776447081804,45.39322140211843,9.819228002307817,10,0
MINERAL,INDICADO,231.83121685335774,136.9780851157411,31.135138812770634,7.58894549499006,20,5
ALTO_TEOR,MEDIDO,315.12697518227253,168.91851519773496,44.3259055510995,4.88395586618292,0,5
ALTO_TEOR,MEDIDO,453.48706019818405,174.5153545040946,36.83867566823106,6.845963778561535,20,0
ESTÉRIL,INDICADO,322.5596093457051,103.3057113299972,40.85550918024096,6.8950591535155095,20,15
MINERAL,MEDIDO,344.70437435773033,194.71423133372514,55.90279270769602,3.4328093110825604,20,5
ESTÉRIL,INFERIDO,278.7751251827715,113.18997753171394,59.05130588027137,2.9258378654838966,20,5
ESTÉRIL,INFERIDO,265.92922112967574,197.00212858034448,51.68488034424605,2.3409006529874867,10,0
ESTÉRIL,INFERIDO,437.92828391351105,146.291572149109,56.3143684594167,2.8510800044215956,10,5
ESTÉRIL,INDICADO,150.40279843100652,111.30672970820937,64.2565155126998,6.557583359049515,20,0
ALTO_TEOR,INDICADO,336.3363842567206,176.66846227509032,43.85440433449921,6.041482026647518,0,5
MINERAL,INDICADO,498.1114129597446,73.86938310419771,41.65278127842033,5.280825175058986,10,0
ESTÉRIL,INFERIDO,133.29331435008754,187.4028787813152,44.45883221305394,7.822436447666733,20,15
MINERAL,INDICADO,326.55997895478276,51.84687830860673,31.443573017699237,2.346763317687193,0,5
MINERAL,INFERIDO,372.2204510576209,140.00940212776771,34.61148882107527,4.140058626304851,0,0
MINERAL,INDICADO,254.31353635141315,56.95064222697025,56.23475106002451,1.9830405993290348,10,0
MINERAL,INFERIDO,276.11391488313024,152.8025634156033,68.4127752659218,6.173286246161473,0,0
MINERAL,INFERIDO,493.6375203034069,87.91543310913508,49.31633497446427,2.002159132150714,10,15
MINERAL,MEDIDO,400.928870636404,127.92415495914202,57.82062578605505,8.46784818535956,10,0
MINERAL,INDICADO,278.221685386393,179.65913478688293,36.21116647199432,5.4422647436849125,10,15
ALTO_TEOR,MEDIDO,473.61772464709645,107.8848115718086,62.69326903622526,6.443339174472803,10,5
ALTO_TEOR,MEDIDO,388.1200342801141,89.63813254342934,56.84388766584448,2.5032843602419868,10,5
ESTÉRIL,MEDIDO,142.86958845842483,118.83357865285505,50.235951483661765,7.537139762087222,10,0
MINERAL,INFERIDO,182.5409186459444,175.33216151242968,37.952449597677436,6.55474944556292,20,5
MINERAL,MEDIDO,195.43191257986211,132.27907377664394,63.94178457697401,3.550755782708297,0,0
MINERAL,MEDIDO,130.88685625317237,71.16491365123024,39.90609241913989,4.748491207178107,10,0
ESTÉRIL,INFERIDO,384.29007433295584,109.82857035026852,42.844035664337675,7.159129017871505,0,15
ESTÉRIL,INDICADO,453.2675851094489,89.61058635903689,59.496116096100685,8.4376643611946,10,5
ALTO_TEOR,INFERIDO,417.57525101692187,131.32971316105267,31.204176897422904,5.4724080700601325,0,15
ALTO_TEOR,INDICADO,418.4408495123464,87.49505508607652,68.37033603726223,3.702052999560311,0,0
ESTÉRIL,INFERIDO,237.29236025898658,131.53108908725,30.62749335979526,3.275449130856151,10,15
ALTO_TEOR,INDICADO,372.1554094487117,133.93588250540435,61.89091455678152,1.3830487409392047,0,5
ALTO_TEOR,INFERIDO,313.30676999140326,198.52940559938554,,3.619726564859293,20,0
ALTO_TEOR,INDICADO,264.7147930044991,191.30994726030346,69.093894941024,3.3833806633880847,20,5
ESTÉRIL,INFERIDO,425.9568915152931,197.364977393422,32.756083158782026,5.4769387686971065,0,5
MINERAL,MEDIDO,289.17255955657856,57.600708060038116,64.9617972674607,5.144885913639338,20,0
ESTÉRIL,INFERIDO,102.79043666516566,71.7898714169008,61.69961537278598,7.353966462088943,0,0
ALTO_TEOR,MEDIDO,395.1708898687741,171.1042491448419,61.21247221662178,1.4472114926680493,10,5
MINERAL,MEDIDO,244.92958362125438,185.16266564343914,,2.672357224570799,10,0
ALTO_TEOR,INDICADO,273.349649866928,66.27463206899843,30.09116108634256,1.787136958514794,10,15
ALTO_TEOR,INFERIDO,103.41674137695907,142.9501590217788,56.1032552955452,1.3344386798658947,10,0
ALTO_TEOR,INDICADO,150.00383632094713,87.57919370056521,39.59143931257671,9.894917748445533,0,5
MINERAL,INFERIDO,121.88955989076172,79.50758750587701,43.18798293264666,1.1256555866422946,0,0
MINERAL,INFERIDO,238.37898184192153,131.49174043279484,45.87323056019616,8.315003277242845,10,0
MINERAL,MEDIDO,303.7574183772234,106.73898284295839,32.86072268504719,8.039211015866123,0,15
MINERAL,INDICADO,197.5622386250417,118.42250972607467,59.545510718493766,1.7360126774139442,0,5
ESTÉRIL,INFERIDO,196.27421067216014,135.17700502339954,66.37616959512128,2.8152086970301395,20,0
MINERAL,MEDIDO,333.55490393280104,64.37638723519434,51.4202200048002,1.310250843401305,20,15
ALTO_TEOR,MEDIDO,379.8225772374842,152.38770198091618,58.732439019501676,3.8869927669620608,10,0
ESTÉRIL,INDICADO,283.75966307202873,83.07636856009324,40.44223582758679,2.952546129386619,0,0
ESTÉRIL,INFERIDO,405.7813087347689,158.94532341394904,62.414761978711766,1.7680903876117386,10,0
ESTÉRIL,INFERIDO,337.7200627302228,99.72599775350483,53.455129510125225,8.753203917510334,0,5
ALTO_TEOR,INFERIDO,325.93058198098925,94.7805191007109,50.66034898172417,4.4791429056754986,10,0
ALTO_TEOR,INDICADO,381.53093430218735,128.0662164895587,60.074589212212004,9.049095418566667,10,0
MINERAL,INDICADO,241.11754360362562,58.64087354006385,54.81824681174905,3.218166845315195,10,15
ALTO_TEOR,INDICADO,319.71198178636433,73.14459134498296,62.062134350225705,4.22458858976638,20,5
ESTÉRIL,INFERIDO,104.65728654334771,155.04774132924445,66.67149732727303,6.4659990530889875,0,15
MINERAL,MEDIDO,250.01778735413086,187.1936009468495,32.430505365882425,3.8360558807461174,20,0
ALTO_TEOR,INFERIDO,492.5058126171432,196.55573827780017,39.006804153737505,7.095364076667245,20,5
MINERAL,INDICADO,374.58598728632796,122.98622428057696,62.03742180941243,7.929820784007225,10,15
MINERAL,MEDIDO,272.7114490672848,196.331343427907,60.29656641203372,2.740175740338357,0,15
ESTÉRIL,MEDIDO,305.3519652754801,154.83535423725564,39.28408789412518,4.955132736517113,0,5
ALTO_TEOR,MEDIDO,321.7590384711385,133.7620692499371,32.50379493640563,9.765223245840055,20,0
ESTÉRIL,INDICADO,127.5235244720697,87.94836238607601,69.89629436766384,8.493082041669306,0,5
ALTO_TEOR,MEDIDO,372.252402136245,154.85706701452713,53.51799266217449,5.408182107055808,10,5
MINERAL,INDICADO,420.26647957516616,51.145802305822954,49.32948258822281,4.061118883499933,20,0
MINERAL,INFERIDO,188.99474852822254,195.24179682146482,61.36039903460356,9.015228662715845,20,0
ESTÉRIL,MEDIDO,499.43139184972966,105.04093942277204,44.35400285095146,6.107522070667348,0,15
MINERAL,MEDIDO,363.76642331353105,56.64086018545601,49.43423734548295,4.247665694448601,0,5
ALTO_TEOR,INFERIDO,319.50570535055306,113.56454311108571,41.163861334116795,9.14505003460826,10,0
MINERAL,INFERIDO,249.1865360782206,130.50467375849132,,6.345180106776598,0,0
MINERAL,INFERIDO,308.0181771167116,188.01577866526182,31.5953842863245,5.6489855045818445,10,15
ALTO_TEOR,INDICADO,147.77978771662617,101.74266677197147,,8.194308426622245,20,5
ALTO_TEOR,INDICADO,223.6321426189739,84.88973106984638,34.221099258403214,1.7704211378736976,10,5
MINERAL,MEDIDO,400.54944075376767,156.2235173725238,45.480109544176145,8.978790426319375,20,0
ALTO_TEOR,MEDIDO,226.09547416033274,97.7428712638214,57.95767588867021,8.760375023169987,0,0
ESTÉRIL,MEDIDO,326.2237617025173,194.34413887224414,45.03171649853158,2.3285425994715467,0,0
ALTO_TEOR,MEDIDO,256.9809540598072,95.87843253753113,34.14585312443033,9.628317569619181,10,0
ESTÉRIL,INDICADO,255.6242043072809,127.10751038053222,48.871426469831164,6.718567188268843,0,5
MINERAL,MEDIDO,189.47551958481853,159.98372000871217,45.00562558305387,2.2420672172759613,0,5
ESTÉRIL,MEDIDO,119.1722353225626,101.90221616679479,34.36441037012897,2.8545723995554146,10,15
MINERAL,MEDIDO,245.34577026251273,50.70290198524408,35.03586221944393,9.34626065309467,20,5
MINERAL,INFERIDO,205.74036079041602,88.20261491362467,62.05743767385005,1.5851588336015356,10,0
MINERAL,MEDIDO,218.22571554211746,196.09939855028642,40.18746058147424,7.668933261253995,10,5
ESTÉRIL,INFERIDO,432.0445247416843,64.0329789676643,57.13496905180243,4.692464852517476,0,0
ALTO_TEOR,INFERIDO,311.5005307425233,163.53928870642088,57.0081110253773,1.6278001871298868,10,5
MINERAL,MEDIDO,218.919069333835,95.62332701546097,66.0568684678679,7.25127701148747,20,15
MINERAL,INFERIDO,347.55696720039583,54.26692056611721,42.4163034015814,5.154254792440623,20,15
MINERAL,INDICADO,221.10469187359894,198.68615486565824,46.74051017427148,5.100840784252448,0,5
ALTO_TEOR,MEDIDO,410.69609249145066,155.9437251581878,66.42260761596329,2.2959250866239276,10,15
MINERAL,INDICADO,485.91408329293006,105.27043525286174,55.387692100104516,6.736094928020182,0,5
ESTÉRIL,MEDIDO,396.0948131696225,186.66717743378726,31.266355743750008,5.758255755704748,20,0
MINERAL,INDICADO,245.0204390313122,185.20628078749715,38.73711510307011,1.969036128908499,20,15
ALTO_TEOR,MEDIDO,382.1446314212998,67.34909005296836,32.15392884598559,7.478264776273637,20,0
MINERAL,INFERIDO,251.69273997836368,52.96472071797167,51.062649635094914,1.8385364425634085,20,0
MINERAL,INFERIDO,327.25921526535865,182.0838055522787,65.1451433444826,8.033463832638468,20,5
MINERAL,INDICADO,333.1010315001919,78.54229556711407,64.65052905766287,2.3636637517534504,10,0
ALTO_TEOR,INFERIDO,171.13869145134305,93.4030015284151,45.40814826775716,2.2685299412093967,20,15
ESTÉRIL,INFERIDO,327.9511837225116,199.4236658049804,32.22126880675157,4.434619849365994,20,0
MINERAL,INDICADO,201.0607599021947,78.67672157222582,49.13653402513084,7.881274911664035,0,0
ALTO_TEOR,MEDIDO,487.6641989826173,174.02457160721775,,1.5630653166871933,10,5
ESTÉRIL,INDICADO,243.9758530968502,57.905618689283166,35.28905848431951,9.638491952323541,0,5
MINERAL,INFERIDO,413.8023254874288,89.23904645882276,39.63507255679623,7.573129059872245,10,0
ESTÉRIL,INDICADO,272.1481473587019,134.35649225304383,47.80034110773538,7.812782533501553,20,0
ALTO_TEOR,INDICADO,284.7204213840155,115.26966929438586,64.5794013118184,7.983785538927935,10,5
ESTÉRIL,INFERIDO,367.6183369524303,89.56074277124324,32.33049268334392,6.797889110033298,10,0
ESTÉRIL,INFERIDO,393.5802151779089,124.73181601962575,67.0829859451147,6.054259642411788,0,5
ALTO_TEOR,INDICADO,368.13127675303144,91.05475085667754,42.36505015763072,3.798583956293088,10,0
ALTO_TEOR,MEDIDO,463.7483279535441,163.46812835797886,51.91756918735231,9.70403695905255,0,0
ALTO_TEOR,INDICADO,179.59387048831044,126.13474144854705,37.059474142719935,9.489849756404302,20,0
ESTÉRIL,MEDIDO,363.80893379675376,196.35137524304784,60.49918731246951,5.232247990410751,20,5
ALTO_TEOR,INDICADO,203.65177125332963,67.50752517920697,30.77022589105276,3.8269483760399634,0,15
MINERAL,MEDIDO,154.6400884471218,161.997992707052,,2.209627728528859,10,15
ALTO_TEOR,INFERIDO,348.1457877251386,159.12685412790393,69.41293699510433,1.2262029726313681,0,0
ESTÉRIL,INFERIDO,103.70829297028368,82.49499049195407,41.3377696421707,3.3334396846743566,10,5
ALTO_TEOR,INFERIDO,430.4490252511476,51.67186342629663,55.181260526756674,9.999893890145655,10,15
MINERAL,INFERIDO,133.51412936868746,161.52681060313103,40.01352289072298,9.368817449946112,0,15
MINERAL,INFERIDO,252.85788538910649,137.39405128066,37.9718508363422,7.11417932044529,0,0
ALTO_TEOR,INFERIDO,461.85704642831485,74.53250592376108,54.740244976963154,2.0385849000836203,0,5
ALTO_TEOR,INDICADO,169.29635747189678,148.4849761822945,65.23828259432196,8.297770124996475,20,5
ESTÉRIL,MEDIDO,166.29722321033734,183.52404140635204,51.37511270890144,8.33467593540544,20,15
MINERAL,INFERIDO,429.9500415197316,146.34559132334408,45.618756461624756,5.638909125990736,20,5
ESTÉRIL,INDICADO,294.78979649959916,136.48262756716537,54.13209330682831,8.631365377243549,20,5
ESTÉRIL,MEDIDO,111.93471128515414,108.98055915113902,69.1344732409028,4.085750388874767,0,15
MINERAL,INDICADO,113.10918759762907,79.92434975965315,69.31930924150336,2.301150282576554,10,0
ALTO_TEOR,INFERIDO,435.2333611282363,113.73517090240064,,1.6818521560294115,0,0
ALTO_TEOR,INDICADO,497.6103668051073,141.32822442896475,67.80972167488673,6.011375865669876,20,5
MINERAL,INFERIDO,312.4039475493,51.837326185172664,43.86658100689944,2.509370458972732,10,5
ESTÉRIL,INFERIDO,478.36289563083943,77.11365910374224,67.95381808205295,2.98101654149483,0,15
MINERAL,INFERIDO,447.2700010102506,103.03280431657319,43.46794983022335,8.932102369560583,20,5
MINERAL,INFERIDO,195.25400762780936,137.24057719234685,58.76283438542306,3.6963035153025903,0,0
MINERAL,INDICADO,324.69523030786183,186.25671614998086,32.24942436307469,8.383524978173636,0,0
MINERAL,INDICADO,153.89575452607545,63.26280799769056,59.69783908113127,4.532089751130712,0,15
ALTO_TEOR,MEDIDO,108.73694079361806,144.27679854863598,34.23628328271998,2.712618042833686,20,5
ALTO_TEOR,MEDIDO,462.7183442328161,161.87252748445724,45.131252617765945,6.722164218725821,20,0
MINERAL,INFERIDO,398.8350884391481,181.24203576704411,34.343837714387696,9.213560087843454,0,15
MINERAL,MEDIDO,174.43384589454524,173.57272965699906,44.966729015376366,3.4059000015194396,0,0
MINERAL,INFERIDO,154.62436958445838,112.38654718166222,33.633502282700505,1.3758999315587888,20,5
ALTO_TEOR,INDICADO,244.28474166868847,145.67547466953687,63.225506430744474,7.825936541615824,10,0
MINERAL,INFERIDO,306.6946920562932,89.08053429281665,57.63879733928076,3.5691502430452293,10,15
MINERAL,MEDIDO,422.2801794626772,76.04092504642642,35.470104732027316,4.5347629891454835,20,5
ESTÉRIL,INDICADO,385.57046607135186,155.93309185583192,34.26826265509912,7.448965662655248,0,0
MINERAL,INFERIDO,121.1375774129039,124.54446843836828,,9.091039610089883,0,0
ESTÉRIL,INFERIDO,184.00233241007476,183.3266449052922,43.02159023417596,2.1201797658008585,10,5
MINERAL,MEDIDO,111.04525530489427,154.52183281910973,37.95715038168134,9.148401651294769,10,0
ESTÉRIL,INDICADO,318.07076900445963,104.78528610054161,69.0469448198092,9.840128467248238,10,15
MINERAL,INDICADO,283.32027204785413,51.631495448624186,64.61749379272136,1.8672309121821098,0,0
ESTÉRIL,INDICADO,155.37641422729408,179.82513900918116,43.22822103311372,5.951299002398959,0,5
MINERAL,MEDIDO,268.088055543969,80.18504756296693,62.77861689707115,3.0484726180525583,20,0
ALTO_TEOR,INFERIDO,212.47342978762052,150.36525974668712,48.976811123448854,1.8936456907682737,0,5
ALTO_TEOR,MEDIDO,187.5576676550915,68.7521650245984,60.46587041264016,4.133219299061,0,5
MINERAL,INFERIDO,354.58403113044113,53.31768143772809,52.881521589175534,7.5995789795105555,0,15
ESTÉRIL,INFERIDO,391.6809619752427,102.1490017407425,49.535942873924675,5.00068648284336,20,0
ALTO_TEOR,INFERIDO,108.8346490153557,155.76701967745052,68.00765212538914,5.553233198795016,0,0
ALTO_TEOR,INDICADO,321.0881105390564,138.39399152410118,46.36952804450455,2.5451650514328925,0,0
MINERAL,MEDIDO,254.96220255569582,157.73027987829852,38.51736181804343,4.958613076499347,0,15
MINERAL,INDICADO,301.2326666926184,100.60566819014511,46.752682574550704,3.3109065302591767,20,15
ESTÉRIL,MEDIDO,188.37492648866868,143.3912588578075,44.647209918850365,5.013135186671228,0,5
ESTÉRIL,INFERIDO,164.7258061128486,91.7418534074642,47.53603034992396,6.050669891486862,10,0
ESTÉRIL,MEDIDO,475.26843914558043,90.98521119611766,66.92743253631252,6.720187430666905,10,15
MINERAL,MEDIDO,456.8325798442566,67.31180987558793,66.47507630510513,3.521119485268297,0,15
ALTO_TEOR,INDICADO,150.07122403785309,193.67363904667525,,4.363588408811918,20,5
ALTO_TEOR,INDICADO,122.49935463123332,54.786671638027144,36.092637637489304,5.93932112722854,20,0
MINERAL,MEDIDO,238.09052792078492,123.96477924706446,39.17089007765324,3.5210978528115953,0,0
ESTÉRIL,INDICADO,335.60937969173506,130.6160994040267,49.198298068300204,9.237030850830655,0,15
ALTO_TEOR,MEDIDO,149.7876801204738,142.3823787163585,48.57510879337872,2.0021524664479453,20,5
MINERAL,INDICADO,305.19635057203925,122.77579563399603,43.265376690049166,5.863631551326136,10,5
ALTO_TEOR,MEDIDO,444.5811355463033,168.5074523489501,35.3683819376916,6.771235518394704,10,0
MINERAL,MEDIDO,190.13237852134014,104.860269856175,50.962256473318945,9.678069763054301,10,15
ESTÉRIL,INDICADO,389.29713099735847,80.43994482607584,54.66189807245582,3.5262433211554787,10,15
MINERAL,MEDIDO,274.3529947350185,106.60419158116447,41.048808614381336,8.478629342677214,0,0
ALTO_TEOR,MEDIDO,228.5762905220776,145.54995999616713,57.54154076055964,1.0145339581846944,20,5
ESTÉRIL,INDICADO,333.44472150721253,132.49430645682682,61.53497258026,4.584446764018503,10,0
ESTÉRIL,INDICADO,124.7783359520171,104.06271246312318,50.77806338809774,6.928364638781818,0,5
ALTO_TEOR,MEDIDO,413.7521851820877,192.8140785552121,54.8453826226623,4.481788351924919,10,5
ESTÉRIL,MEDIDO,494.42667955056885,170.84238681359545,39.816162399105906,4.276767359373992,10,0
MINERAL,INDICADO,305.94018872749655,111.81029978826065,,4.178374010230433,10,15
MINERAL,INDICADO,334.37083836436176,144.1027937958012,60.416468242654645,4.450819955966855,10,5
MINERAL,INFERIDO,495.8533316242315,125.23050711173907,32.33222765747216,3.131408766763691,20,0
MINERAL,INDICADO,217.11740902355518,160.08894972362418,61.51185271293066,6.39250621431909,0,0
ESTÉRIL,INFERIDO,217.18096243624157,114.65287924014943,55.12535038617382,8.77754885590899,0,0
ESTÉRIL,INDICADO,293.20496192243695,168.88872103004212,52.95185861841764,8.562699410480562,0,5
MINERAL,MEDIDO,303.50939891759754,55.97888041929676,63.98496121030229,4.994879095285687,10,5
MINERAL,INDICADO,199.63725115261104,59.600534053036434,67.57736250979237,8.60636325275578,0,15
ALTO_TEOR,INDICADO,220.04314534175188,194.68210050457202,36.31321688190272,1.4066640581424463,0,15
ALTO_TEOR,INDICADO,224.41201090127194,130.6230407163706,55.24724131559002,6.797370524493543,0,0
MINERAL,INDICADO,441.52537859056207,87.06454739426158,35.11685491852201,7.299156214634895,20,15
ESTÉRIL,MEDIDO,368.06269046650056,153.519443063086,34.23705999655408,6.097945203666252,0,0
MINERAL,INDICADO,379.59962809891874,100.99170562575858,37.571663515927085,2.690420208297814,10,0
ESTÉRIL,INDICADO,320.41460686325456,183.13624686319463,44.98437539003373,5.466373018095695,10,0
ALTO_TEOR,INDICADO,172.0403013765815,194.18719095556,44.72726442982656,2.861687967449697,20,0
ESTÉRIL,INDICADO,142.46737391407302,65.83637135459482,62.011117926986756,2.20298472710702,0,5
MINERAL,INDICADO,474.68862046151116,76.70082699724361,,6.499019251450902,10,5
MINERAL,INDICADO,134.82240959717484,165.4263272882195,36.62876408205892,1.717353911496553,10,5
ALTO_TEOR,MEDIDO,180.86147837931227,162.1936648048574,60.75986311587388,6.291189460314407,10,0
MINERAL,MEDIDO,279.6725153058766,197.14012354790862,57.7303313450134,5.930032000703447,20,0
MINERAL,INFERIDO,120.66911842335024,64.42292815574572,59.69833128874094,7.663343416839388,0,15
MINERAL,INDICADO,446.5600419248327,179.987009686737,64.47231122441201,3.3769371729220756,20,0
MINERAL,INDICADO,455.3481767144436,185.04118146807792,41.07862716416449,5.403659377904234,0,5
ALTO_TEOR,MEDIDO,432.61369716140956,139.71111740295407,57.83652918236652,5.739647401557179,0,5
ALTO_TEOR,MEDIDO,125.02422837172978,114.7459035359579,44.424696022051734,7.502511595986306,20,0
MINERAL,INDICADO,477.4355820820204,169.01443392685485,40.729951493985645,2.5528988462204096,0,15
ALTO_TEOR,INFERIDO,364.977419886359,54.86682477487207,35.510301912639015,7.456717472154065,10,0
ESTÉRIL,INFERIDO,204.20929465311747,106.30141587365236,48.65437500309156,2.0444106007669487,20,15
ESTÉRIL,MEDIDO,468.20471187167834,67.57445862215948,30.862682945762728,8.0194791167275,10,0
ESTÉRIL,INDICADO,330.6687950081889,50.837302597226845,50.930326251328424,8.641575242337511,10,0
MINERAL,INDICADO,447.8492479280853,73.12270968746861,,2.7269628777566766,0,15
ALTO_TEOR,MEDIDO,412.2714541982567,50.368281336084145,30.573530178510783,3.166632653512582,10,15
ESTÉRIL,INFERIDO,387.87029625539617,71.8222763976159,69.65621891477653,5.344227879717808,20,0
ALTO_TEOR,INFERIDO,319.95517242492497,97.49042942091137,52.55222450414315,6.775352539728616,20,15
ALTO_TEOR,MEDIDO,309.0746488028939,68.04348311823594,40.73542960992789,6.574302925702437,10,15
ALTO_TEOR,INDICADO,363.2411524357469,72.68491991530743,39.008343793612454,3.1658356297544525,0,5
MINERAL,INFERIDO,331.19663338289195,85.96774165455517,52.0013103286925,5.192372575301572,20,15
MINERAL,INFERIDO,101.09848139341197,122.68062840964693,56.64539218396073,4.795883441990132,0,15
MINERAL,INDICADO,263.4609497816308,120.60287024080603,45.85774296118459,7.423825791196348,0,0
MINERAL,INDICADO,117.39041450635935,107.58267540323658,49.59805696585727,5.713989900080831,0,0
MINERAL,INFERIDO,244.29710464916104,128.24207918767056,61.44192166979556,1.952830258355816,10,5
ALTO_TEOR,MEDIDO,268.05501350897725,63.365107895767146,39.929684044584675,8.947042486731043,0,0
MINERAL,MEDIDO,372.3234326206468,115.42803868446602,30.5155098773866,8.518706522503823,0,5
MINERAL,INDICADO,206.1152860125009,126.0960162726055,31.154083336479765,4.088333453667742,20,15
MINERAL,MEDIDO,335.9539034036703,56.33683871116612,30.815855334569928,3.821326054243945,0,5
ALTO_TEOR,INDICADO,222.05321971263896,119.7899653174048,61.39029648445406,1.2687926226066242,20,15
ALTO_TEOR,MEDIDO,342.9912249048888,111.23244679419159,50.259490391699,2.3371323063832454,20,0
ALTO_TEOR,INDICADO,353.1792131774199,62.72191109555693,57.53940303262466,4.910127557364323,10,0
ALTO_TEOR,INFERIDO,318.8188089524275,68.34436320500859,49.05442183995683,3.2396210753025,10,5
ALTO_TEOR,MEDIDO,423.2307817964062,85.87371856372513,48.09451103791636,6.462383892046229,0,15
MINERAL,INDICADO,372.99844897168225,181.28532636683866,45.80219857973472,3.5990691164408157,0,0
MINERAL,INFERIDO,149.2961315584922,128.80488879961143,55.137207041516,1.8981816348160345,0,15
MINERAL,MEDIDO,325.8011307947853,173.2532230018691,67.99033820665198,8.863574285703818,10,0
MINERAL,INDICADO,154.8259947206326,178.64503630104835,62.57284618746189,8.977109669042344,20,15
ALTO_TEOR,INDICADO,234.55225382890168,174.88630479948714,54.76799115350276,6.514600639993799,0,0
ESTÉRIL,MEDIDO,176.1628436546177,78.23233359963672,63.93483495986256,5.991052533243842,10,5
ALTO_TEOR,INDICADO,123.29091983915741,136.67099000110943,43.40579093265996,3.0703746784637906,20,5
ESTÉRIL,INFERIDO,257.2029963832065,118.4133358695749,44.9915071681812,1.579866398118238,20,0
MINERAL,INDICADO,446.6496819456324,192.36525990741544,54.00096662890758,3.8692396394232285,20,5
ALTO_TEOR,INDICADO,160.0462492137758,166.1724540287069,52.220953894601664,3.0267457080837756,10,5
MINERAL,INDICADO,222.18219209698984,120.04936936568579,67.40730572398046,4.751537649422879,10,0
ESTÉRIL,INDICADO,157.2524629815448,88.29147150371821,40.97956928552988,3.349366226579617,20,0
ALTO_TEOR,INDICADO,259.43548411550296,92.26158368186046,38.386550765648735,5.39497830736067,0,5
ESTÉRIL,MEDIDO,112.44196500238304,98.45217391161067,56.10271270826752,6.9643770391150035,10,5
ALTO_TEOR,INFERIDO,476.83865048694025,142.7803978600921,33.57368157857139,3.104972756106799,0,0
MINERAL,INDICADO,467.98322838182435,117.82358408379737,67.33162124340276,7.1666313628452984,20,5
ESTÉRIL,INFERIDO,161.02824140608246,184.23250808643465,69.55009684200148,5.77454304767103,0,5
ALTO_TEOR,MEDIDO,375.3953720593379,106.14810200729559,41.250329022485545,4.8552163230655285,0,15
ESTÉRIL,MEDIDO,423.4401446171197,149.91588014856399,63.670583664234506,4.297409488174317,10,5
ALTO_TEOR,MEDIDO,427.94624852332305,58.12593211486513,,4.970241686364295,10,5
ALTO_TEOR,INDICADO,154.6122938613115,157.7830817365761,66.9568129007364,7.9478186659156105,0,15
ALTO_TEOR,INFERIDO,350.9626647570084,177.2523905903717,61.37528562415382,5.862332971601072,10,5
ALTO_TEOR,MEDIDO,310.2843479546025,118.86380937724451,56.012054725406884,4.940955563714323,0,0
ALTO_TEOR,INDICADO,321.8146046091431,189.38476071645826,69.33834847846992,9.503186323855113,10,5
MINERAL,MEDIDO,409.42273494389576,173.4258582537258,60.11780011718591,9.457046532747302,10,5
ALTO_TEOR,INFERIDO,492.9006505048154,182.5239040410324,31.0676100891881,3.1548790958660766,10,5
ESTÉRIL,INDICADO,352.06255241923867,180.03402420920798,45.35409780417629,1.3202246347959674,20,15
ESTÉRIL,MEDIDO,246.70927435617966,91.89753994503438,41.23760680117014,9.927592222616912,20,15
MINERAL,MEDIDO,469.40064768887567,104.5977981767685,69.37734336245151,7.964881560550402,20,5
MINERAL,INDICADO,378.8890394666225,72.68379807415684,65.91423927169262,9.484118811063752,10,15
ALTO_TEOR,INDICADO,398.8351777668369,137.6818616147239,40.888052647120716,3.758100704673646,10,5
ALTO_TEOR,INFERIDO,221.76243824217252,177.06299583480927,51.24317792712759,5.668858326196994,0,15
ALTO_TEOR,INDICADO,374.5666280438773,91.93148791317816,39.55926105241783,4.184423618085583,10,0
ESTÉRIL,MEDIDO,374.30405544510836,112.99567619165163,59.947888680331914,1.7591702836526877,20,5
MINERAL,MEDIDO,317.83273730582385,92.21346636258491,60.25607625382096,4.675714901575344,0,5
MINERAL,MEDIDO,424.16285961099607,188.3446170730831,32.563075803750486,3.0825976267546,20,5
ALTO_TEOR,MEDIDO,243.06321931733456,70.50312419087929,55.937771007548434,9.09755292623787,0,0
ALTO_TEOR,INFERIDO,326.7989623684778,55.69178002941554,56.924770653483606,9.980311794957283,0,15
MINERAL,MEDIDO,354.2523037478897,107.5071467643952,52.22419668246391,1.7899505077148035,10,15
MINERAL,MEDIDO,105.44722141729999,52.501048040278356,32.46364767463708,8.508039669516243,0,0
MINERAL,MEDIDO,273.0689206633898,84.42387161831708,67.00231358012479,3.146848200456036,0,0
ALTO_TEOR,INFERIDO,265.31117954894296,76.22295731482478,66.02155922019335,6.0718057146669056,0,0
ALTO_TEOR,INFERIDO,227.24814359637577,197.0041611642601,58.398698463171065,5.8386301555591755,20,5
ESTÉRIL,INDICADO,455.4942249389909,53.21083783481153,38.77940413679006,5.218412918001573,20,15
ALTO_TEOR,MEDIDO,109.3611532285049,184.93902380371551,34.04287492132701,5.992088450332469,20,5
ALTO_TEOR,MEDIDO,274.32255020661546,190.1386886428016,35.03239543920597,8.08049955359958,10,15
ESTÉRIL,MEDIDO,191.60411183989416,98.297241546301,33.66554246125561,9.479998428018527,0,5
MINERAL,INFERIDO,455.48890298674866,54.53738691518235,51.527041381147356,3.6463532154930824,10,15
MINERAL,INFERIDO,406.5707399272854,76.2095670263341,35.82770624871786,8.380105776105875,10,0
ALTO_TEOR,INDICADO,378.95838699528537,67.94472815038657,57.43802677284383,8.215082628086542,0,15
ALTO_TEOR,INDICADO,457.0630626575204,117.43251717242131,65.21346530440482,9.290844240161045,20,15
MINERAL,MEDIDO,368.6135451624235,65.51330076540381,54.4236331726798,2.851285719216862,0,5
MINERAL,MEDIDO,485.0546334288568,179.867214535698,,8.7049120806317,20,0
ALTO_TEOR,MEDIDO,273.4795756059041,169.57642603533853,50.867054005682164,6.760642522649581,10,5
ESTÉRIL,INDICADO,333.02032380743293,96.96066427047964,37.72503502849453,5.392825285901389,20,15
MINERAL,MEDIDO,281.0525111885943,136.56692001618177,63.9404553731329,8.737747945580782,20,5
ALTO_TEOR,MEDIDO,185.1480986200097,189.83295808550048,31.951119221416945,3.6764662581022924,20,15
ALTO_TEOR,MEDIDO,374.5266365315496,178.24242244019476,37.99974018475573,5.265647212670204,0,15
MINERAL,INFERIDO,447.0767797564902,186.69129783633164,35.47086041851657,8.260347637076668,20,15
ESTÉRIL,MEDIDO,261.2807854289848,116.77426333903145,58.279608255386464,3.216812831461268,0,15
MINERAL,MEDIDO,465.446712234096,76.83070780016789,,2.1908260582599173,0,15
ESTÉRIL,INFERIDO,147.69427739122557,167.77166433263574,,3.242481147535419,10,0
ALTO_TEOR,INDICADO,141.46805083870993,198.84893441929825,37.3475215416409,1.2416324246019226,0,0
MINERAL,INFERIDO,204.76944477041457,151.43859969653175,34.30805979476596,8.96614623487095,20,0
MINERAL,INDICADO,118.15384480417342,55.923816290698056,43.7668162023985,4.285609808147891,20,0
ALTO_TEOR,INDICADO,488.22583228310566,86.98618450992345,35.983683886161074,4.63662639788808,10,5
MINERAL,INFERIDO,170.61136314964665,86.69907052658615,52.777249925617035,3.0224427817099673,10,15
ALTO_TEOR,INFERIDO,266.65610922339516,94.24301730509842,33.93900963871692,6.219930375797013,0,5
MINERAL,INDICADO,115.73907923135289,64.86174735469477,68.02938727192726,7.9784644795502695,20,15
ESTÉRIL,MEDIDO,448.6521462745462,100.71300611298393,44.20261368325155,3.2841428162546413,10,0
ALTO_TEOR,INFERIDO,382.03882624281175,64.29639848552223,68.50429791895357,9.15086492030424,20,5
MINERAL,MEDIDO,368.7056580083495,112.26125160057441,53.030837490536996,8.140779783433183,10,0
ESTÉRIL,MEDIDO,242.5051057639366,90.48193448616854,53.85859377096372,1.0970566486789548,20,0
ESTÉRIL,INDICADO,184.14516834541678,82.63326834633042,34.36362824281312,1.0535540231747065,20,0
MINERAL,INDICADO,141.82147718386,81.37841354193552,45.891357397470976,2.6128665136907046,0,5
ALTO_TEOR,INDICADO,496.3094468647178,110.25501523468262,,3.2406413732359236,10,15
MINERAL,INDICADO,477.9863965156257,105.90882561248752,61.10006165611742,2.732287926061475,0,15
ALTO_TEOR,INFERIDO,445.8836463889889,138.40852613928075,49.81958007211766,6.056624405607839,0,5
ALTO_TEOR,MEDIDO,418.2654099076624,124.85202037962537,69.08231804544207,6.790339806958386,0,0
MINERAL,MEDIDO,350.8943789512972,153.53938880181113,62.716627334704896,8.61963875354136,20,15
ESTÉRIL,MEDIDO,404.2016601109412,195.11694598385628,44.48258252950931,2.88286000519295,20,0
ESTÉRIL,MEDIDO,146.56291594887813,117.30146915803634,63.870745165547795,9.366152849456352,0,15
MINERAL,INFERIDO,117.27548558383117,124.73665463559135,41.89694813491214,8.302401325711756,20,0
ESTÉRIL,INFERIDO,445.2713817398947,176.03996473551757,56.483492158769984,5.718527822554666,0,5
ALTO_TEOR,INFERIDO,448.9871381430086,84.92285546478234,69.30717108498197,8.20891009307082,20,0
ALTO_TEOR,INDICADO,203.0069483095137,89.44784344118679,32.823864096768844,7.598948471846948,10,0
ESTÉRIL,INDICADO,219.24837675111934,107.07835977104004,32.640239740942825,8.440095933825328,10,15
ALTO_TEOR,INDICADO,298.00526246293,125.30218349047877,,1.741121929068301,20,15
MINERAL,INDICADO,350.33637714013366,154.68499135973218,38.20682404787563,7.564108018904141,0,0
ESTÉRIL,INFERIDO,429.2569060131572,189.0006746191275,43.79386600043893,2.0250157512440965,0,0
ESTÉRIL,INFERIDO,468.1612867274717,99.04113179045149,65.54130115566082,3.335329229589836,0,15
MINERAL,INDICADO,301.24230508018815,151.5355595875789,41.75957035931975,9.83306112203308,10,5
MINERAL,INDICADO,186.67397602236719,51.501502587752825,52.27920868961726,6.649694574750798,0,0
ALTO_TEOR,INFERIDO,178.7199521682324,151.38319656116812,48.35612069751227,7.652804802109967,0,5
ALTO_TEOR,INDICADO,283.2610780369269,85.20805248241686,68.89109786357301,4.088895635718542,0,0
MINERAL,INFERIDO,192.26702991755957,187.43686867736173,49.32835068848812,4.560496297830122,20,5
ALTO_TEOR,INFERIDO,192.17052685923548,125.6378618628933,46.414155485961004,5.590519486083534,0,0
ALTO_TEOR,INDICADO,358.3043939742255,190.70102857673888,66.08248549522929,1.7119289929562105,0,0
ALTO_TEOR,MEDIDO,353.69354426445125,149.84139992849504,55.98103030408668,5.102692490878756,10,15
ALTO_TEOR,MEDIDO,155.82725155553987,125.61372445436592,35.42238268092553,7.542543620852936,10,5
ALTO_TEOR,MEDIDO,190.32473221510938,96.62818239946523,42.220899046928935,2.345254961402396,0,0
MINERAL,MEDIDO,247.61857399790082,98.50146888880096,34.48113330314211,3.2694357201847013,10,5
MINERAL,INFERIDO,241.0896971568024,103.42527562558314,44.6646751450465,8.1482414911001,10,5
ESTÉRIL,INFERIDO,322.33104619576915,105.6075004569781,65.67980158733445,2.924098664078426,0,15
ESTÉRIL,INDICADO,476.60338948788353,92.48853970385733,31.17787773964036,5.576914576966639,20,15
MINERAL,INDICADO,206.51421608719386,60.67240276659366,56.275990980594656,4.789113135534867,10,15
MINERAL,MEDIDO,468.63301986845335,50.40313663152547,65.1251719857134,7.457763027633396,0,15
MINERAL,MEDIDO,400.15444637176455,152.262176704856,30.443332971564963,1.3156165912818807,20,15
ESTÉRIL,MEDIDO,474.5501383482406,81.91415099253416,53.77998922339509,9.62298596963237,10,5
MINERAL,INDICADO,195.4721719008391,91.78045756352796,47.46410665296081,9.533630276039252,0,5
ALTO_TEOR,INDICADO,272.33463466529827,170.68437627072217,66.31465875351648,5.218853820276998,10,0
MINERAL,INFERIDO,474.2679362020915,113.3687940351164,42.02723291726835,1.8390151174314595,10,5
MINERAL,MEDIDO,263.2734372561406,50.68278153598713,41.15750589467523,5.950876959779639,0,15
MINERAL,INFERIDO,151.98935354334463,134.44309818328693,67.16035412156768,7.771622253778443,0,0
MINERAL,MEDIDO,445.70341851357347,186.23515117137393,59.08833452883847,2.8363329933976975,0,5
MINERAL,MEDIDO,151.10067892928618,177.36053804547151,34.71389223968955,6.002462808123113,0,0
ESTÉRIL,INFERIDO,252.89438130928187,192.64351091711208,43.006666009571504,1.836873277242947,0,15
ALTO_TEOR,INDICADO,253.2814356993262,163.52620102172716,40.220697357792375,4.252952469751248,10,15
ALTO_TEOR,MEDIDO,235.16938517457447,92.7777280268181,60.457257957760085,2.425768695453887,10,5
ALTO_TEOR,INDICADO,296.2043572419468,182.2959059016651,54.893737896920115,3.7075688637779134,10,0
MINERAL,MEDIDO,124.58181355700155,170.54814914759217,65.15500065028043,2.2258748769393994,10,15
ALTO_TEOR,MEDIDO,301.22507020947035,163.23733503387507,53.70823943811836,1.5785201363732357,0,15
MINERAL,MEDIDO,354.2461577041622,51.53587182079647,33.843077045365504,4.720538498963626,20,5
ALTO_TEOR,MEDIDO,105.38944998521376,98.50794633102595,45.81145549592456,7.833551250753064,20,5
MINERAL,INFERIDO,359.28948113351413,134.85772079458744,68.01148694054137,1.7633237311449466,0,0
ALTO_TEOR,MEDIDO,192.3199170759723,141.90687351939792,,2.0430500819879223,20,0
MINERAL,INFERIDO,218.27863680287606,99.58162439955983,56.71064536296884,5.047670019822006,10,5
ESTÉRIL,INFERIDO,356.92581293694855,79.78992564884908,,6.604451386790684,10,0
ESTÉRIL,INFERIDO,129.79607249758692,174.79328930259166,60.162391614396114,8.477130181118804,20,15
MINERAL,MEDIDO,482.9250757158977,97.45613265783155,39.70837579115447,1.2479217092894754,20,5
ALTO_TEOR,INDICADO,274.9808939440238,162.0752118293546,44.55508275259839,1.3606891064051347,10,15
MINERAL,INFERIDO,485.3995312177842,95.95230525824175,69.34247594846578,9.44200443079654,0,5
MINERAL,MEDIDO,313.0460696033849,128.66634584081692,60.08874040576481,4.088388969319693,0,0
ALTO_TEOR,MEDIDO,215.96764675546987,101.90221227248348,41.67759837879135,1.1727656566057654,0,5
ALTO_TEOR,INFERIDO,137.42857468284365,52.31833510297781,41.59624570826641,2.6853306854317083,10,15
ALTO_TEOR,INFERIDO,265.7946311927035,117.56612036573335,33.28068565998576,8.63729517999956,20,15
ALTO_TEOR,INFERIDO,440.5732074486478,186.6737192985281,65.0929583208241,6.860666024687347,20,5
ALTO_TEOR,INDICADO,452.31948702220103,167.38376848207736,41.4633180261511,9.490918010713411,10,15
ALTO_TEOR,MEDIDO,108.20442312624445,173.35435103757294,50.68780836691603,9.51714322276884,10,0
ESTÉRIL,INDICADO,447.4779461371488,166.49765099890172,58.00809609163826,2.6671959486009618,20,0
ALTO_TEOR,MEDIDO,202.8738237401483,113.56126924707814,39.69141021329874,3.412164875237373,10,15
ALTO_TEOR,INFERIDO,236.49298708328038,111.85021087411948,32.94334774854402,9.638373157574557,10,0
MINERAL,INDICADO,171.6386173649209,180.76749402981196,34.544513102573966,5.707866351466653,20,15
MINERAL,INDICADO,395.4430796382995,134.89567068867473,67.96623834624404,9.789635732269073,20,0
MINERAL,INDICADO,218.97729640288634,84.79765616606927,,7.101836405945623,10,5
ALTO_TEOR,MEDIDO,125.78341077152663,151.65292270011582,41.82468651600139,6.8788229409244135,10,15
MINERAL,INDICADO,447.448240831871,112.39217782275713,45.86850024502387,6.023645876177481,20,0
MINERAL,MEDIDO,175.80106933931185,178.68859344093588,65.56189910923067,8.998971537652498,10,0
ESTÉRIL,INDICADO,329.1015584854239,174.8268617740504,38.126357077013466,5.362376341039201,20,15
MINERAL,INFERIDO,436.41349885258325,103.120694889735,,1.5542346154947662,10,15
ESTÉRIL,MEDIDO,200.69954191223513,154.53183577519886,50.33273936114263,2.857745433708954,0,0
ESTÉRIL,MEDIDO,181.24355892345466,99.27699944684392,55.25483394272927,6.340921089143806,0,15
ESTÉRIL,INDICADO,443.1992813918232,137.9751264668053,59.99722285504525,2.329892771221083,20,5
MINERAL,INDICADO,198.25388851471456,95.42991280828522,46.36674310411841,3.0100973229239343,10,5
MINERAL,MEDIDO,462.72675149043187,114.89011526160391,30.984382956814045,7.226012965258351,0,15
ALTO_TEOR,INFERIDO,441.7818591598674,169.0833286068151,64.14833561937692,1.735179549132259,20,0
MINERAL,INFERIDO,227.3140120824171,70.19771887749728,46.750578093166204,5.7990475550067515,0,0
ESTÉRIL,INDICADO,135.30492560969844,96.40914050463397,69.74191456427438,8.981086818456141,0,5
ESTÉRIL,INDICADO,220.62075490157747,72.80988696532387,63.05068893908122,8.803200894254672,0,5
ALTO_TEOR,MEDIDO,433.88305122612286,179.05283470892684,47.11210203950868,3.661925795625645,10,15
MINERAL,MEDIDO,130.2227045754266,106.19720465297584,51.50263907439089,6.205216792383828,10,15
ALTO_TEOR,INDICADO,450.6954106637212,58.61571501362391,30.67359855173004,9.135753788593671,10,15
ALTO_TEOR,INDICADO,189.0247559089908,119.81677539455953,43.8989621191204,3.7980929057199853,0,5
ESTÉRIL,MEDIDO,340.2292439973158,117.62064444968054,32.57650901989359,6.586964161126765,0,0
MINERAL,INDICADO,220.3410952060476,61.88122848925436,36.82722328199227,7.367495911691655,10,5
ALTO_TEOR,INDICADO,304.8382310561852,81.30492422080889,52.25739439485508,3.841197757285964,20,0
MINERAL,MEDIDO,127.85537508691655,84.49261135226925,41.046278342330055,5.197479953310154,0,0
ESTÉRIL,INFERIDO,349.53757872538046,174.3393805019282,54.27687351795225,6.74135985552665,20,5
MINERAL,MEDIDO,129.05590595441092,107.06060524547756,,5.582312634987957,0,0
ESTÉRIL,MEDIDO,156.45420283554486,188.89755128028693,57.580372770880636,6.551691829564281,20,5
ESTÉRIL,MEDIDO,452.24109253597544,176.42110527668163,33.13902951480243,6.9550344944171245,20,5
ALTO_TEOR,INFERIDO,162.3608297872554,109.78503850744335,33.2074504029054,7.654956610487546,20,0
ESTÉRIL,MEDIDO,461.82674227661454,108.4673008514302,54.66119399570647,1.7507289695905284,0,0
MINERAL,INDICADO,321.9898139525618,140.18730825694814,32.57011626695769,5.42174423474021,0,5
ESTÉRIL,INDICADO,152.32225685501808,67.4345522720856,67.84767825221967,8.647707077017015,20,0
ALTO_TEOR,MEDIDO,275.19669301000795,87.82958175628761,63.17704594839144,6.939700474138368,10,15
ESTÉRIL,MEDIDO,199.15873152118246,129.38400937036772,67.85341994276772,5.997523114422568,10,5
MINERAL,INFERIDO,378.61181979419723,129.19084851487852,68.89189190680113,3.1076691197343393,10,0
ALTO_TEOR,INFERIDO,248.40497071771148,93.51488236107093,32.04667780846991,8.50634593321228,10,0
ESTÉRIL,INDICADO,195.98303267682854,143.69289655758254,36.031783954406066,4.8655753590636355,10,5
ALTO_TEOR,MEDIDO,448.2970373127967,89.70657731969465,49.10656186292826,4.370262070629984,0,15
ESTÉRIL,INFERIDO,102.66101819221034,57.72353303248019,38.570366678840884,7.9784691889398545,10,15
ALTO_TEOR,MEDIDO,357.57633248390846,94.78895377316348,49.542920500182014,5.174835003441191,20,0
ALTO_TEOR,MEDIDO,261.787531148036,194.22232383069883,41.202278700269815,4.455548981450214,0,5
ALTO_TEOR,MEDIDO,374.45745229256426,71.00736163402055,31.311700717778606,2.3209282204232475,0,0
MINERAL,INDICADO,217.4880144430904,141.11288953386384,57.82131897502202,1.2744148954590884,0,5
ALTO_TEOR,INFERIDO,389.36476065347364,55.74044922064149,46.318154433703135,7.843933868794641,20,15
ALTO_TEOR,INFERIDO,244.40690243146355,64.266962954944,46.581816107105766,4.777571515071889,10,0
MINERAL,INFERIDO,423.4521166085294,133.6798280168921,40.187625404517036,7.755141651819627,10,5
ESTÉRIL,INFERIDO,412.4960646322337,100.53030359110527,38.139488320514964,5.928363060638438,20,0
ALTO_TEOR,MEDIDO,266.49881119201495,163.07526869958392,57.57301043752005,5.816418576626091,0,5
MINERAL,INFERIDO,219.6362121214606,77.76626201241706,39.78345233550509,9.612517676409379,0,5
ESTÉRIL,INFERIDO,212.2621082864071,175.05505424598795,39.85231007307647,7.075539559317391,20,5
ALTO_TEOR,INFERIDO,282.09920598437884,173.30444294598,51.5512180195627,9.970342224376376,0,5
MINERAL,INDICADO,187.06871472856537,102.81198291772364,35.704604409517586,7.829138196797236,10,15
ALTO_TEOR,MEDIDO,449.1813195995596,148.5785183049771,,7.022263265207628,0,0
MINERAL,MEDIDO,209.59485658829254,134.89873080099147,35.79685234395609,9.813134321965608,0,0
ESTÉRIL,MEDIDO,383.92224366681813,80.8491800669803,58.64130570890292,8.901057047300164,0,0
ALTO_TEOR,INDICADO,232.68804331742982,158.2962878863384,52.39966565214411,3.8183276483062434,10,5
ESTÉRIL,INDICADO,150.87415101761616,74.39531977686447,49.04556387135643,7.195220616382167,10,5
ALTO_TEOR,MEDIDO,293.1709525836471,167.19124195624627,30.637506956717658,2.38690272157947,0,5
ESTÉRIL,MEDIDO,141.32899197497966,83.85686084695428,33.92281723111118,8.627953641763412,10,0
MINERAL,INDICADO,375.43194287037704,183.2185099277184,40.64031490336851,6.955757847493561,20,5
ALTO_TEOR,INFERIDO,487.97543732449753,157.77057591771455,30.568362257397467,3.067367450701841,10,15
MINERAL,INDICADO,379.8238496514566,166.54110855336373,56.798300958629746,2.5980424176724246,10,15
ESTÉRIL,MEDIDO,309.47847529172714,103.01677146013057,42.19600112731326,5.393142169259431,0,15
ALTO_TEOR,INFERIDO,157.97605526110385,70.674337424246,43.21913750413336,3.3557711743999086,20,0
MINERAL,INFERIDO,236.49924923732954,121.2257110912992,50.425203154224505,2.657474271146964,10,0
ALTO_TEOR,INFERIDO,337.8319460448328,116.11139669092283,42.28124944220411,2.8685448917647562,20,0
ALTO_TEOR,INFERIDO,416.9102896933177,64.643434680451,58.95493273034338,9.586270094587627,0,0
MINERAL,INDICADO,100.27412535999377,86.64208304210217,36.096422887579294,5.257604412271322,20,5
ESTÉRIL,MEDIDO,215.2942512636836,110.50747914522358,,4.0921192481679665,20,15
ALTO_TEOR,INFERIDO,225.98719456730055,184.74969911659863,57.25722744948072,6.845321156371609,10,15
ESTÉRIL,INDICADO,183.80534790659618,196.8620491717239,43.7682567924811,8.663695392215068,10,0
ESTÉRIL,INDICADO,374.3173461777007,198.05723139250574,60.422245764112674,1.8283670488998998,0,5
ALTO_TEOR,INDICADO,207.14049483155964,112.73839590743125,69.0718702038179,3.7574732127806687,0,0
MINERAL,MEDIDO,156.26608892423837,124.9640860104239,50.33984548956498,4.746321146689138,10,15
ESTÉRIL,INDICADO,268.74955354874226,61.03432910237158,63.397261451901265,7.311213658165768,20,5
MINERAL,INFERIDO,361.00586791117246,101.16727538348147,36.7384322605736,4.138981950349557,10,15
MINERAL,MEDIDO,395.0380459558376,151.65180081775435,61.46830814389,7.147397602501359,0,0
ALTO_TEOR,INFERIDO,419.66121363295673,81.70162792218328,,5.414274159769868,20,0
ALTO_TEOR,INFERIDO,273.78340972832495,104.0107305731551,49.80297010203349,2.956559847255809,10,5
MINERAL,MEDIDO,238.0224716091908,108.83442648119018,47.74895658171188,6.509864408229106,20,15
ESTÉRIL,INDICADO,303.36220517220244,111.46777534174721,,7.243005023342417,0,5
ESTÉRIL,MEDIDO,192.2961780160056,141.73908766649487,55.045419911851894,8.995091013201886,10,0
MINERAL,MEDIDO,169.45180461589842,52.15114672075328,40.994536653185776,2.3210117576414317,10,0
MINERAL,INDICADO,293.4443766884178,100.2546913607512,64.54710641767382,8.614137977011481,0,5
ALTO_TEOR,MEDIDO,134.53445269355416,144.16901803034366,55.139881237436086,8.878610175636032,20,5
MINERAL,INDICADO,458.56637054430547,134.42322728703624,59.43325224416033,1.2027204002142868,0,5
MINERAL,MEDIDO,391.2919182504881,157.62327425953805,48.59450080912822,9.349798128796056,0,15
ALTO_TEOR,INFERIDO,310.54883482239006,164.4213894308998,47.21216280667856,5.042571299685118,10,0
MINERAL,MEDIDO,159.96751583913164,105.8787994022576,30.55309286705613,9.841437529285834,0,5
ESTÉRIL,INDICADO,188.58909811450766,161.51673117542435,44.047041931327016,9.028860405154955,20,0
MINERAL,INDICADO,169.68924434847213,98.83475237511992,61.725691348578835,9.335500617453182,0,15
ESTÉRIL,INDICADO,410.93133401643695,50.18451032961169,59.969081770926906,2.8425768331414933,20,15
ALTO_TEOR,INFERIDO,411.6227314699598,85.35264435724628,51.14336113889819,1.8407067545363842,0,15
ESTÉRIL,INDICADO,453.5009529174438,99.89152032129269,31.158765287948626,4.190347000642032,10,5
ESTÉRIL,MEDIDO,319.41639682706096,197.91126146525318,57.10158612951862,3.7178261661729466,0,15
MINERAL,MEDIDO,417.4741612287264,127.66584128602513,48.89678759778328,4.179611563122601,20,5
ESTÉRIL,INFERIDO,117.81409255733078,111.47533964049691,41.380915248597006,5.811913273167319,20,15
ESTÉRIL,MEDIDO,154.86406996062948,144.9947958341353,50.89616413819055,2.064207104796184,0,0
ALTO_TEOR,MEDIDO,460.50305717455257,144.99475394254185,69.84141965319316,8.324206803543436,0,15
ESTÉRIL,MEDIDO,293.059791910198,91.30047110702378,37.33309916959647,7.879838330411713,0,0
ESTÉRIL,MEDIDO,104.63883863922865,122.58030562659518,40.21049519063895,6.373114016053761,20,0
MINERAL,MEDIDO,148.07398833810964,157.13644074379164,,6.913540632227557,20,15
ALTO_TEOR,MEDIDO,119.05582019739822,80.9009100721173,54.51831402163595,5.848567489095822,0,15
ESTÉRIL,MEDIDO,492.66591444749423,132.23721007824452,47.88315719681715,2.208137808155756,10,15
ALTO_TEOR,INDICADO,121.42830332684653,152.46257365199426,35.53921182430088,6.962698425207915,10,15
ALTO_TEOR,INDICADO,499.88787491322995,149.52097542722498,53.917748377980644,2.898129019705298,20,0
MINERAL,MEDIDO,334.74487817277856,54.2051328214592,59.55468282331786,5.346683901377712,0,0
ESTÉRIL,MEDIDO,348.4603289461491,57.05369310130404,66.34351979894228,6.635938654072398,0,5
ALTO_TEOR,INDICADO,161.10744996646167,168.16706575493265,30.81163158715169,5.007375993307932,20,15
MINERAL,MEDIDO,187.48203336705978,188.93613686688627,57.99403651596379,6.933000180603628,20,0
MINERAL,INDICADO,446.8137450132929,92.38982331234078,43.69549422339867,7.252299130253487,20,5
MINERAL,INDICADO,463.0851118128472,107.69041400179941,66.11156059351093,3.4095809856426316,10,0
ESTÉRIL,INFERIDO,323.9140729409445,144.92314672432119,53.628610487135475,1.1166683989222457,0,0
ALTO_TEOR,INFERIDO,480.55780977272804,130.48241479276652,45.34528967111099,7.862326745144812,20,0
ALTO_TEOR,MEDIDO,428.9583329652115,52.998734643028065,59.24950764152025,3.5379567608677225,10,15
ESTÉRIL,INFERIDO,127.31287583029594,96.23292931806833,45.941116646800666,7.163827951265812,0,5
ALTO_TEOR,INFERIDO,237.9839551453347,137.47972939272876,63.88340057655022,4.330948179387338,20,5
MINERAL,INDICADO,486.5896073052999,53.84575176662116,37.94934275453082,2.0078620681857675,10,15
ALTO_TEOR,INDICADO,170.5103245732615,133.0397164968244,64.79017666794897,1.6086961920414504,10,5
ESTÉRIL,INDICADO,334.60303047301204,174.83009709533798,49.811275243126445,3.219469488993311,20,5
ESTÉRIL,INDICADO,461.40254750965505,157.9889733163002,44.698502945510434,3.069470614975488,0,5
ESTÉRIL,INDICADO,384.46886857985055,113.78221020434276,41.06594529681839,2.2690937466621453,20,5
ALTO_TEOR,MEDIDO,305.2077863706545,190.37948826605964,60.70851291611987,5.826636427048256,0,15
MINERAL,INFERIDO,367.72766626295265,163.80406069432536,61.88660603849678,6.854916077207449,10,5
ALTO_TEOR,MEDIDO,202.00330602021882,94.6247853110513,45.4269983058924,1.3880418742606888,20,5
MINERAL,INDICADO,388.87999073308026,95.41452729794948,35.69410214989152,1.6394183900164039,10,0
ESTÉRIL,MEDIDO,221.0521701332484,121.33706660013736,31.652508467253174,3.457037285300453,10,0
ESTÉRIL,INDICADO,386.25356850555426,166.01612086816732,55.916795429823274,2.305161565883935,10,0
MINERAL,MEDIDO,346.1175928749815,114.11896538450182,59.38829458317012,9.393113791674566,10,15
MINERAL,INFERIDO,490.4130255805392,135.37306498535875,66.69555682036308,6.709739896680163,20,5
ESTÉRIL,MEDIDO,139.88464980759653,186.74525313125588,31.48257721973153,8.034011949841293,10,5
ALTO_TEOR,INFERIDO,449.68171683345565,50.36490593752374,46.805080683821075,6.0645908348366095,0,0
ALTO_TEOR,INDICADO,169.80250617522864,145.3821653423375,64.79047333726618,2.398133587017227,20,5
ALTO_TEOR,INFERIDO,452.5177947886333,66.43775963809517,47.37608647166779,2.331962351885908,20,15
MINERAL,INDICADO,331.7190259436215,77.13688862175351,69.04199675785624,5.835124654790891,0,15
MINERAL,INDICADO,259.1363885717401,136.33079675600428,65.57509779236906,6.8266071360018685,0,0
ALTO_TEOR,INDICADO,440.5286362343801,147.46072208432082,64.50929881664531,5.417916738266785,20,15
MINERAL,INDICADO,201.01327911105045,77.78715986939005,63.88022408590176,5.394575913594295,10,15
ALTO_TEOR,INDICADO,389.2488506755522,184.2362497752205,46.86851645193957,2.39315681959315,0,15
MINERAL,INFERIDO,114.04574117772093,150.9850905110796,30.801628686327582,5.714121301188966,20,0
ALTO_TEOR,INDICADO,159.20189470985252,136.8716148173033,52.433160623829814,7.731707454169871,20,0
ESTÉRIL,MEDIDO,118.19258961157234,121.40539613082314,36.761846521128035,6.500640230914694,20,0
MINERAL,INDICADO,293.4711604083716,100.70480557304346,39.481592365977534,3.710817371852009,20,0
ESTÉRIL,INDICADO,252.83350564986864,130.69995819882422,39.85188761200757,4.458073094961539,10,15
MINERAL,MEDIDO,389.01983057669315,74.59750760239942,50.10191413364049,2.4320926213761047,10,0
ALTO_TEOR,INFERIDO,295.3233901712357,81.29870782658662,40.21680576549784,7.002591095858149,10,5
ESTÉRIL,INFERIDO,242.58075225262877,62.75371982813336,64.16866993014389,3.456645000825662,0,15
ESTÉRIL,MEDIDO,183.47562642327313,199.09141019962502,39.07792594788326,6.553060003264077,0,0
ESTÉRIL,INFERIDO,143.81758593968246,110.12851421135528,50.084288787086855,8.908359081786154,10,5
ESTÉRIL,INFERIDO,188.52427373657767,83.15235707224551,34.82464992672686,3.6393684889078237,20,0
MINERAL,MEDIDO,317.29564642973406,173.24999880659533,63.399364359166974,7.872711698315257,20,0
ESTÉRIL,INDICADO,371.3647401627981,130.56070839675527,40.788322026098825,4.6394869364089555,10,0
MINERAL,MEDIDO,213.29156250905274,84.52979566448397,58.18680500206329,3.702147270869379,20,5
ALTO_TEOR,INDICADO,457.7393269280433,121.84183334148555,49.55170755004063,9.00550885718074,20,5
MINERAL,INFERIDO,339.51674779604684,118.80385550272621,34.212642943502864,6.588942635224365,10,15
ESTÉRIL,INDICADO,233.50738033985832,61.990984603690755,43.16883626736808,5.9147675055502225,10,0
ESTÉRIL,INDICADO,263.1191230051838,129.83862218733015,65.97237434969809,9.66189612512117,10,5
ESTÉRIL,MEDIDO,194.70914061402928,129.34558806028127,68.44090369978605,9.666199835212417,10,15
ESTÉRIL,INFERIDO,179.42015903028062,185.28121124758053,62.07153051375309,1.8381299208383628,10,0
ALTO_TEOR,MEDIDO,129.19777075891523,100.45395410546291,42.87301187467998,5.638581041159933,0,5
MINERAL,MEDIDO,240.92768315057674,54.30365112025851,50.68571826326553,5.261135459421113,0,0
MINERAL,MEDIDO,494.5667417616066,53.71844496246795,67.12629435916583,3.756529216461602,10,0
MINERAL,INFERIDO,220.5525441863332,142.82558226755773,40.78442535022013,9.667025887762888,0,15
MINERAL,INFERIDO,427.10043204609326,119.39004662605895,42.447526770737014,3.7488373557597967,0,0
